Neighborhood,Date,Price,Number of Crimes
Bayview Hunters Point,2018-01,831369.3810833334,751
Bayview Hunters Point,2018-02,836834.2487166667,653
Bayview Hunters Point,2018-03,842389.7830166668,620
Bayview Hunters Point,2018-04,846786.6948666667,673
Bayview Hunters Point,2018-05,854780.9713666666,682
Bayview Hunters Point,2018-06,863505.6359999999,648
Bayview Hunters Point,2018-07,870626.2723833333,668
Bayview Hunters Point,2018-08,873806.1160666667,674
Bayview Hunters Point,2018-09,875630.37445,694
Bayview Hunters Point,2018-10,878203.1079166667,727
Bayview Hunters Point,2018-11,880549.95265,617
Bayview Hunters Point,2018-12,880888.3569666668,640
Bayview Hunters Point,2019-01,879147.5966500001,714
Bayview Hunters Point,2019-02,875529.7272,674
Bayview Hunters Point,2019-03,872470.3482333333,630
Bayview Hunters Point,2019-04,871027.9692166667,745
Bayview Hunters Point,2019-05,871641.9142,737
Bayview Hunters Point,2019-06,875291.7455166667,595
Bayview Hunters Point,2019-07,881238.63495,659
Bayview Hunters Point,2019-08,887666.3813666668,680
Bayview Hunters Point,2019-09,892968.8515833333,708
Bayview Hunters Point,2019-10,896654.4511666667,739
Bayview Hunters Point,2019-11,900971.03135,662
Bayview Hunters Point,2019-12,905184.52365,663
Bayview Hunters Point,2020-01,909836.4264833336,702
Bayview Hunters Point,2020-02,913673.8468666668,695
Bayview Hunters Point,2020-03,917614.1756,590
Bayview Hunters Point,2020-04,918924.6486333334,616
Bayview Hunters Point,2020-05,916413.2266833334,648
Bayview Hunters Point,2020-06,908900.24295,624
Bayview Hunters Point,2020-07,902844.3019666668,692
Bayview Hunters Point,2020-08,901989.03415,642
Bayview Hunters Point,2020-09,905329.3710166666,641
Bayview Hunters Point,2020-10,907321.2015666668,649
Bayview Hunters Point,2020-11,907261.6243,698
Bayview Hunters Point,2020-12,904752.6511166668,818
Bayview Hunters Point,2021-01,902353.9741833332,855
Bayview Hunters Point,2021-02,899642.0465833334,752
Bayview Hunters Point,2021-03,899487.1420333333,770
Bayview Hunters Point,2021-04,902680.5875333332,718
Bayview Hunters Point,2021-05,909373.5743,773
Bayview Hunters Point,2021-06,917605.2421666668,727
Bayview Hunters Point,2021-07,925767.3608333332,738
Bayview Hunters Point,2021-08,930153.66885,713
Bayview Hunters Point,2021-09,931747.2066,757
Bayview Hunters Point,2021-10,932344.9364833334,809
Bayview Hunters Point,2021-11,934875.54,705
Bayview Hunters Point,2021-12,936598.7912,790
Bayview Hunters Point,2022-01,936812.0403,700
Bayview Hunters Point,2022-02,938270.0482333334,675
Bayview Hunters Point,2022-03,942821.566,705
Bayview Hunters Point,2022-04,946580.8859833332,704
Bayview Hunters Point,2022-05,947045.5302666668,796
Bayview Hunters Point,2022-06,942304.3578,724
Bayview Hunters Point,2022-07,933254.0111833332,799
Bayview Hunters Point,2022-08,919723.6094,799
Bayview Hunters Point,2022-09,903077.4787166668,777
Bayview Hunters Point,2022-10,887773.05485,820
Bayview Hunters Point,2022-11,873668.90085,746
Bayview Hunters Point,2022-12,860694.5101833333,701
Bernal Heights,2018-01,1375102.57325,230
Bernal Heights,2018-02,1387179.9815,182
Bernal Heights,2018-03,1399211.8565,201
Bernal Heights,2018-04,1408955.45375,200
Bernal Heights,2018-05,1423617.59225,221
Bernal Heights,2018-06,1435917.747,201
Bernal Heights,2018-07,1438417.25325,204
Bernal Heights,2018-08,1434586.0505,219
Bernal Heights,2018-09,1430127.46025,206
Bernal Heights,2018-10,1431057.097,212
Bernal Heights,2018-11,1430993.72975,192
Bernal Heights,2018-12,1427391.56125,182
Bernal Heights,2019-01,1421047.696,168
Bernal Heights,2019-02,1409958.03425,153
Bernal Heights,2019-03,1397900.3615,183
Bernal Heights,2019-04,1389583.70725,200
Bernal Heights,2019-05,1385879.27775,191
Bernal Heights,2019-06,1390210.06875,171
Bernal Heights,2019-07,1398301.30175,190
Bernal Heights,2019-08,1410364.923,222
Bernal Heights,2019-09,1418958.37,230
Bernal Heights,2019-10,1423416.032,264
Bernal Heights,2019-11,1426953.442,207
Bernal Heights,2019-12,1430826.673,188
Bernal Heights,2020-01,1438430.5325,253
Bernal Heights,2020-02,1445025.02775,224
Bernal Heights,2020-03,1453784.62225,203
Bernal Heights,2020-04,1458993.11625,166
Bernal Heights,2020-05,1456206.0295,204
Bernal Heights,2020-06,1443259.28725,146
Bernal Heights,2020-07,1433388.44925,206
Bernal Heights,2020-08,1435363.18025,188
Bernal Heights,2020-09,1445602.45725,174
Bernal Heights,2020-10,1451674.5465,180
Bernal Heights,2020-11,1451348.12625,227
Bernal Heights,2020-12,1447733.86575,224
Bernal Heights,2021-01,1442363.38125,224
Bernal Heights,2021-02,1437560.8495,188
Bernal Heights,2021-03,1436487.2615,164
Bernal Heights,2021-04,1440748.632,204
Bernal Heights,2021-05,1451094.08975,204
Bernal Heights,2021-06,1461959.15675,212
Bernal Heights,2021-07,1478594.271,201
Bernal Heights,2021-08,1490933.8675,242
Bernal Heights,2021-09,1501491.23175,204
Bernal Heights,2021-10,1506726.17725,216
Bernal Heights,2021-11,1514357.29425,199
Bernal Heights,2021-12,1519725.8095,194
Bernal Heights,2022-01,1524719.6885,148
Bernal Heights,2022-02,1532717.62175,179
Bernal Heights,2022-03,1544773.3960000002,186
Bernal Heights,2022-04,1551734.9585,215
Bernal Heights,2022-05,1550537.70025,171
Bernal Heights,2022-06,1539318.26125,174
Bernal Heights,2022-07,1519911.029,241
Bernal Heights,2022-08,1491201.4045000002,211
Bernal Heights,2022-09,1456723.055,257
Bernal Heights,2022-10,1427157.35675,209
Bernal Heights,2022-11,1402187.79175,218
Bernal Heights,2022-12,1380843.07875,200
Excelsior,2018-01,971933.2654,217
Excelsior,2018-02,980213.4307666668,237
Excelsior,2018-03,987760.8448333334,207
Excelsior,2018-04,995465.0283333332,198
Excelsior,2018-05,1006299.8456666666,169
Excelsior,2018-06,1016090.5153333334,165
Excelsior,2018-07,1020471.032,217
Excelsior,2018-08,1019138.0313333332,219
Excelsior,2018-09,1015312.1003333334,188
Excelsior,2018-10,1015029.3616666668,177
Excelsior,2018-11,1014907.4296666668,193
Excelsior,2018-12,1014224.7796666668,173
Excelsior,2019-01,1012472.9266666668,176
Excelsior,2019-02,1009521.6296666666,179
Excelsior,2019-03,1006765.5644333332,181
Excelsior,2019-04,1004997.1283666668,192
Excelsior,2019-05,1005460.4511666668,160
Excelsior,2019-06,1009241.1486666668,171
Excelsior,2019-07,1015225.0106666666,181
Excelsior,2019-08,1021687.68,158
Excelsior,2019-09,1027700.5906666666,205
Excelsior,2019-10,1031784.2933333332,179
Excelsior,2019-11,1036861.3523333332,177
Excelsior,2019-12,1042360.3079999998,168
Excelsior,2020-01,1049621.265666667,160
Excelsior,2020-02,1057271.4476666667,158
Excelsior,2020-03,1065180.379333333,135
Excelsior,2020-04,1070451.267,139
Excelsior,2020-05,1069623.807,245
Excelsior,2020-06,1062663.6413333332,194
Excelsior,2020-07,1058047.6043333334,219
Excelsior,2020-08,1060914.683333333,194
Excelsior,2020-09,1069382.2426666666,174
Excelsior,2020-10,1075546.6556666668,190
Excelsior,2020-11,1078404.459,264
Excelsior,2020-12,1077688.2693333337,195
Excelsior,2021-01,1075945.5983333334,207
Excelsior,2021-02,1073609.6106666666,222
Excelsior,2021-03,1074446.55,203
Excelsior,2021-04,1078421.6346666666,199
Excelsior,2021-05,1086364.4203333333,170
Excelsior,2021-06,1096611.791,205
Excelsior,2021-07,1109119.3236666666,155
Excelsior,2021-08,1116965.702,213
Excelsior,2021-09,1119445.2773333334,166
Excelsior,2021-10,1118934.5896666667,161
Excelsior,2021-11,1120945.319666667,153
Excelsior,2021-12,1122422.3586666668,114
Excelsior,2022-01,1126390.5133333334,172
Excelsior,2022-02,1134391.261,136
Excelsior,2022-03,1147138.6756666666,178
Excelsior,2022-04,1156627.998,131
Excelsior,2022-05,1159802.7603333334,164
Excelsior,2022-06,1155352.83,162
Excelsior,2022-07,1144144.6816666666,183
Excelsior,2022-08,1127006.7146666667,155
Excelsior,2022-09,1106721.8873333333,180
Excelsior,2022-10,1088556.5356666667,202
Excelsior,2022-11,1072309.3113333334,210
Excelsior,2022-12,1057308.658,181
Financial District/South Beach,2018-01,1075949.64815,1093
Financial District/South Beach,2018-02,1078617.740625,1040
Financial District/South Beach,2018-03,1081246.305575,1042
Financial District/South Beach,2018-04,1081138.07945,1126
Financial District/South Beach,2018-05,1082698.90685,1180
Financial District/South Beach,2018-06,1084158.253925,1148
Financial District/South Beach,2018-07,1082674.1853,1378
Financial District/South Beach,2018-08,1078670.211375,1273
Financial District/South Beach,2018-09,1075996.74835,1243
Financial District/South Beach,2018-10,1076462.461875,1190
Financial District/South Beach,2018-11,1078376.56215,1101
Financial District/South Beach,2018-12,1079015.308025,1129
Financial District/South Beach,2019-01,1078150.611,1068
Financial District/South Beach,2019-02,1074719.455875,1004
Financial District/South Beach,2019-03,1071723.127725,1104
Financial District/South Beach,2019-04,1072483.228825,1017
Financial District/South Beach,2019-05,1074913.049225,1011
Financial District/South Beach,2019-06,1079255.3907,1059
Financial District/South Beach,2019-07,1084119.56405,1144
Financial District/South Beach,2019-08,1090214.418275,1184
Financial District/South Beach,2019-09,1094127.241925,1144
Financial District/South Beach,2019-10,1097637.011025,1148
Financial District/South Beach,2019-11,1101165.720325,1212
Financial District/South Beach,2019-12,1105844.82895,1042
Financial District/South Beach,2020-01,1104528.6318,1089
Financial District/South Beach,2020-02,1098727.81,985
Financial District/South Beach,2020-03,1090075.18055,656
Financial District/South Beach,2020-04,1084157.064125,427
Financial District/South Beach,2020-05,1078705.1367,547
Financial District/South Beach,2020-06,1072430.785125,474
Financial District/South Beach,2020-07,1066209.435925,546
Financial District/South Beach,2020-08,1062575.1385,604
Financial District/South Beach,2020-09,1061113.65535,534
Financial District/South Beach,2020-10,1061537.08115,521
Financial District/South Beach,2020-11,1063343.840825,536
Financial District/South Beach,2020-12,1064940.3555,519
Financial District/South Beach,2021-01,1065053.625775,518
Financial District/South Beach,2021-02,1061178.220175,541
Financial District/South Beach,2021-03,1056221.542,592
Financial District/South Beach,2021-04,1050712.828425,596
Financial District/South Beach,2021-05,1049820.290925,688
Financial District/South Beach,2021-06,1051680.95705,672
Financial District/South Beach,2021-07,1061002.136175,749
Financial District/South Beach,2021-08,1073329.778575,725
Financial District/South Beach,2021-09,1088586.9393,1025
Financial District/South Beach,2021-10,1101637.621075,1065
Financial District/South Beach,2021-11,1116142.159,1080
Financial District/South Beach,2021-12,1130108.63625,822
Financial District/South Beach,2022-01,1137460.8095,710
Financial District/South Beach,2022-02,1138027.9,753
Financial District/South Beach,2022-03,1134586.41075,813
Financial District/South Beach,2022-04,1132122.7605,782
Financial District/South Beach,2022-05,1128000.9457,742
Financial District/South Beach,2022-06,1119694.225325,863
Financial District/South Beach,2022-07,1106002.1018,819
Financial District/South Beach,2022-08,1087941.1554,862
Financial District/South Beach,2022-09,1067248.42695,812
Financial District/South Beach,2022-10,1048653.1064,792
Financial District/South Beach,2022-11,1033664.913425,690
Financial District/South Beach,2022-12,1019411.603375,757
Glen Park,2018-01,1405747.261,62
Glen Park,2018-02,1421693.394,40
Glen Park,2018-03,1435651.337,49
Glen Park,2018-04,1445184.6465,64
Glen Park,2018-05,1459732.5695,70
Glen Park,2018-06,1472517.362,40
Glen Park,2018-07,1476091.804,73
Glen Park,2018-08,1472341.993,70
Glen Park,2018-09,1466700.0685,60
Glen Park,2018-10,1465555.2880000002,65
Glen Park,2018-11,1463444.4455,44
Glen Park,2018-12,1459725.111,78
Glen Park,2019-01,1453628.378,59
Glen Park,2019-02,1443433.9395,52
Glen Park,2019-03,1430463.4875,54
Glen Park,2019-04,1423088.5845,47
Glen Park,2019-05,1418907.794,57
Glen Park,2019-06,1422832.065,49
Glen Park,2019-07,1429112.0415,59
Glen Park,2019-08,1438637.7415,57
Glen Park,2019-09,1445154.0359999998,60
Glen Park,2019-10,1448727.4495,81
Glen Park,2019-11,1451005.328,67
Glen Park,2019-12,1453055.513,76
Glen Park,2020-01,1454568.4135,62
Glen Park,2020-02,1457263.48,36
Glen Park,2020-03,1463066.064,50
Glen Park,2020-04,1468850.64,56
Glen Park,2020-05,1467102.3555,59
Glen Park,2020-06,1455298.7170000002,68
Glen Park,2020-07,1446380.298,54
Glen Park,2020-08,1448869.4215,59
Glen Park,2020-09,1460024.137,53
Glen Park,2020-10,1467532.689,92
Glen Park,2020-11,1470226.2565,70
Glen Park,2020-12,1470088.5195,69
Glen Park,2021-01,1465390.0635000002,72
Glen Park,2021-02,1460513.412,59
Glen Park,2021-03,1458073.049,53
Glen Park,2021-04,1463969.1205000002,40
Glen Park,2021-05,1477063.8215,77
Glen Park,2021-06,1493640.7315,71
Glen Park,2021-07,1511439.035,80
Glen Park,2021-08,1519839.643,41
Glen Park,2021-09,1523208.8424999998,55
Glen Park,2021-10,1527535.0045,58
Glen Park,2021-11,1539239.563,54
Glen Park,2021-12,1550170.224,68
Glen Park,2022-01,1561304.427,63
Glen Park,2022-02,1575819.2635,51
Glen Park,2022-03,1593957.7065,72
Glen Park,2022-04,1606944.1795,58
Glen Park,2022-05,1611279.9845,45
Glen Park,2022-06,1605122.2740000002,46
Glen Park,2022-07,1586002.8615,80
Glen Park,2022-08,1554745.117,56
Glen Park,2022-09,1516648.4135,79
Glen Park,2022-10,1484598.0335,75
Glen Park,2022-11,1458118.5580000002,58
Glen Park,2022-12,1438421.3675,74
Haight Ashbury,2018-01,1539832.245125,186
Haight Ashbury,2018-02,1546507.721375,173
Haight Ashbury,2018-03,1551877.9445,291
Haight Ashbury,2018-04,1555896.613875,225
Haight Ashbury,2018-05,1565667.520625,251
Haight Ashbury,2018-06,1575476.536375,178
Haight Ashbury,2018-07,1577415.343625,253
Haight Ashbury,2018-08,1575352.52025,214
Haight Ashbury,2018-09,1574267.824,159
Haight Ashbury,2018-10,1576664.36575,322
Haight Ashbury,2018-11,1579578.575875,198
Haight Ashbury,2018-12,1577114.0115,187
Haight Ashbury,2019-01,1574924.08375,194
Haight Ashbury,2019-02,1570148.712375,158
Haight Ashbury,2019-03,1566981.306375,201
Haight Ashbury,2019-04,1569468.26375,192
Haight Ashbury,2019-05,1573978.90175,174
Haight Ashbury,2019-06,1581143.58675,167
Haight Ashbury,2019-07,1586935.590125,202
Haight Ashbury,2019-08,1595432.96275,225
Haight Ashbury,2019-09,1603591.36025,203
Haight Ashbury,2019-10,1611270.279875,223
Haight Ashbury,2019-11,1618852.831125,218
Haight Ashbury,2019-12,1626417.143625,197
Haight Ashbury,2020-01,1630682.25825,174
Haight Ashbury,2020-02,1630458.6285,186
Haight Ashbury,2020-03,1630633.425,158
Haight Ashbury,2020-04,1630429.264625,131
Haight Ashbury,2020-05,1624381.2859999998,138
Haight Ashbury,2020-06,1610726.492375,136
Haight Ashbury,2020-07,1598757.451875,181
Haight Ashbury,2020-08,1596168.20025,157
Haight Ashbury,2020-09,1599015.456875,199
Haight Ashbury,2020-10,1600142.162875,190
Haight Ashbury,2020-11,1599872.918625,182
Haight Ashbury,2020-12,1598112.5255,155
Haight Ashbury,2021-01,1595364.734,163
Haight Ashbury,2021-02,1589030.34,163
Haight Ashbury,2021-03,1586183.065125,130
Haight Ashbury,2021-04,1588750.531625,121
Haight Ashbury,2021-05,1601818.77575,165
Haight Ashbury,2021-06,1616222.984375,212
Haight Ashbury,2021-07,1634407.437375,201
Haight Ashbury,2021-08,1649009.301375,177
Haight Ashbury,2021-09,1663259.432875,208
Haight Ashbury,2021-10,1675066.792375,195
Haight Ashbury,2021-11,1692342.940125,179
Haight Ashbury,2021-12,1709630.096125,160
Haight Ashbury,2022-01,1722872.05525,141
Haight Ashbury,2022-02,1732168.226625,132
Haight Ashbury,2022-03,1742318.02925,114
Haight Ashbury,2022-04,1751386.271375,149
Haight Ashbury,2022-05,1752046.086125,148
Haight Ashbury,2022-06,1741853.839375,125
Haight Ashbury,2022-07,1721019.227,174
Haight Ashbury,2022-08,1691140.655125,153
Haight Ashbury,2022-09,1653438.440125,188
Haight Ashbury,2022-10,1619499.450875,188
Haight Ashbury,2022-11,1591481.72175,130
Haight Ashbury,2022-12,1567043.93,155
Hayes Valley,2018-01,1138367.356,375
Hayes Valley,2018-02,1147311.411,260
Hayes Valley,2018-03,1153988.84,249
Hayes Valley,2018-04,1159517.461,290
Hayes Valley,2018-05,1166656.242,311
Hayes Valley,2018-06,1172894.495,329
Hayes Valley,2018-07,1175244.28,331
Hayes Valley,2018-08,1175417.148,321
Hayes Valley,2018-09,1176437.984,300
Hayes Valley,2018-10,1180327.224,330
Hayes Valley,2018-11,1183877.256,288
Hayes Valley,2018-12,1182411.088,250
Hayes Valley,2019-01,1177320.477,274
Hayes Valley,2019-02,1169254.895,260
Hayes Valley,2019-03,1163101.195,295
Hayes Valley,2019-04,1162321.281,382
Hayes Valley,2019-05,1165017.59,321
Hayes Valley,2019-06,1168721.874,317
Hayes Valley,2019-07,1171459.674,360
Hayes Valley,2019-08,1176010.274,417
Hayes Valley,2019-09,1181648.393,417
Hayes Valley,2019-10,1189404.685,438
Hayes Valley,2019-11,1195507.483,285
Hayes Valley,2019-12,1202052.074,340
Hayes Valley,2020-01,1205369.896,318
Hayes Valley,2020-02,1205081.904,342
Hayes Valley,2020-03,1204854.638,258
Hayes Valley,2020-04,1202273.048,242
Hayes Valley,2020-05,1196764.516,272
Hayes Valley,2020-06,1185518.231,324
Hayes Valley,2020-07,1176519.513,273
Hayes Valley,2020-08,1172486.198,279
Hayes Valley,2020-09,1170848.129,296
Hayes Valley,2020-10,1167071.658,244
Hayes Valley,2020-11,1162889.221,213
Hayes Valley,2020-12,1157514.94,244
Hayes Valley,2021-01,1153022.715,275
Hayes Valley,2021-02,1145132.937,203
Hayes Valley,2021-03,1138749.378,268
Hayes Valley,2021-04,1130543.473,227
Hayes Valley,2021-05,1126635.133,289
Hayes Valley,2021-06,1123214.498,292
Hayes Valley,2021-07,1129805.288,300
Hayes Valley,2021-08,1140185.582,297
Hayes Valley,2021-09,1155260.722,283
Hayes Valley,2021-10,1168539.649,283
Hayes Valley,2021-11,1185631.912,314
Hayes Valley,2021-12,1200243.245,251
Hayes Valley,2022-01,1206051.368,256
Hayes Valley,2022-02,1202166.439,218
Hayes Valley,2022-03,1196774.554,253
Hayes Valley,2022-04,1194518.098,235
Hayes Valley,2022-05,1192656.56,242
Hayes Valley,2022-06,1184130.382,291
Hayes Valley,2022-07,1167771.682,338
Hayes Valley,2022-08,1146139.665,282
Hayes Valley,2022-09,1124321.446,318
Hayes Valley,2022-10,1108115.139,322
Hayes Valley,2022-11,1094706.876,288
Hayes Valley,2022-12,1078480.875,284
Inner Richmond,2018-01,1948172.004,185
Inner Richmond,2018-02,1968511.254,140
Inner Richmond,2018-03,1981078.546,148
Inner Richmond,2018-04,1990287.384,191
Inner Richmond,2018-05,1999887.9760000005,140
Inner Richmond,2018-06,2009589.582,153
Inner Richmond,2018-07,1998800.4265,167
Inner Richmond,2018-08,1983770.7425,148
Inner Richmond,2018-09,1973802.2625,156
Inner Richmond,2018-10,1976979.8675,155
Inner Richmond,2018-11,1983866.992,160
Inner Richmond,2018-12,1980189.136,151
Inner Richmond,2019-01,1968809.4655,185
Inner Richmond,2019-02,1945189.379,157
Inner Richmond,2019-03,1924879.9705,140
Inner Richmond,2019-04,1911939.932,156
Inner Richmond,2019-05,1908338.1175,126
Inner Richmond,2019-06,1912910.8045,179
Inner Richmond,2019-07,1924748.1175,151
Inner Richmond,2019-08,1941883.7775,145
Inner Richmond,2019-09,1955162.4585,175
Inner Richmond,2019-10,1966024.0825,160
Inner Richmond,2019-11,1974845.2385,157
Inner Richmond,2019-12,1984752.991,183
Inner Richmond,2020-01,1995705.5985,172
Inner Richmond,2020-02,2003192.47,110
Inner Richmond,2020-03,2014103.2105,104
Inner Richmond,2020-04,2018836.6635,84
Inner Richmond,2020-05,2013837.7875,148
Inner Richmond,2020-06,1994829.8585,132
Inner Richmond,2020-07,1979845.4245,125
Inner Richmond,2020-08,1980936.292,131
Inner Richmond,2020-09,1995032.164,126
Inner Richmond,2020-10,2004060.5945,145
Inner Richmond,2020-11,2009542.3805,120
Inner Richmond,2020-12,2011036.1185,177
Inner Richmond,2021-01,2013478.852,138
Inner Richmond,2021-02,2010545.1285,123
Inner Richmond,2021-03,2010238.5885,149
Inner Richmond,2021-04,2016848.8605,134
Inner Richmond,2021-05,2038756.131,171
Inner Richmond,2021-06,2066437.654,140
Inner Richmond,2021-07,2097569.6905,165
Inner Richmond,2021-08,2122138.216,132
Inner Richmond,2021-09,2142948.424,141
Inner Richmond,2021-10,2158093.2825,136
Inner Richmond,2021-11,2176359.741,119
Inner Richmond,2021-12,2192491.833,138
Inner Richmond,2022-01,2212218.337,131
Inner Richmond,2022-02,2240039.7255,142
Inner Richmond,2022-03,2279918.609,146
Inner Richmond,2022-04,2314023.776,147
Inner Richmond,2022-05,2326623.6865,148
Inner Richmond,2022-06,2309956.4045,123
Inner Richmond,2022-07,2274531.0635,132
Inner Richmond,2022-08,2226152.0335,120
Inner Richmond,2022-09,2170054.2545,138
Inner Richmond,2022-10,2120608.0225,157
Inner Richmond,2022-11,2082715.438,133
Inner Richmond,2022-12,2050317.511,176
Inner Sunset,2018-01,1516317.4965,144
Inner Sunset,2018-02,1532675.01,118
Inner Sunset,2018-03,1546821.653,131
Inner Sunset,2018-04,1560850.825,124
Inner Sunset,2018-05,1580836.923,124
Inner Sunset,2018-06,1598084.1834999998,141
Inner Sunset,2018-07,1600817.169,150
Inner Sunset,2018-08,1594057.3505000002,149
Inner Sunset,2018-09,1587411.4674999998,149
Inner Sunset,2018-10,1586637.83,137
Inner Sunset,2018-11,1586616.0125,142
Inner Sunset,2018-12,1580082.9255,130
Inner Sunset,2019-01,1570973.8254999998,123
Inner Sunset,2019-02,1556022.1175,125
Inner Sunset,2019-03,1545188.721,121
Inner Sunset,2019-04,1540275.7659999998,119
Inner Sunset,2019-05,1541145.3495,120
Inner Sunset,2019-06,1547255.4835,151
Inner Sunset,2019-07,1555696.1324999998,161
Inner Sunset,2019-08,1565462.0655,176
Inner Sunset,2019-09,1572945.242,129
Inner Sunset,2019-10,1577818.3645,175
Inner Sunset,2019-11,1584981.548,142
Inner Sunset,2019-12,1591813.9055,196
Inner Sunset,2020-01,1599837.8725,136
Inner Sunset,2020-02,1607067.8369999998,140
Inner Sunset,2020-03,1618458.937,129
Inner Sunset,2020-04,1624482.962,95
Inner Sunset,2020-05,1618279.363,94
Inner Sunset,2020-06,1601293.7465,114
Inner Sunset,2020-07,1590563.771,152
Inner Sunset,2020-08,1593737.9330000002,137
Inner Sunset,2020-09,1605139.132,107
Inner Sunset,2020-10,1613263.6545000002,150
Inner Sunset,2020-11,1618288.7259999998,147
Inner Sunset,2020-12,1621213.4065,162
Inner Sunset,2021-01,1623398.3465,131
Inner Sunset,2021-02,1624608.677,133
Inner Sunset,2021-03,1628429.7,122
Inner Sunset,2021-04,1638310.8709999998,154
Inner Sunset,2021-05,1656124.5775,139
Inner Sunset,2021-06,1679050.957,201
Inner Sunset,2021-07,1703708.8685,145
Inner Sunset,2021-08,1721076.8155,126
Inner Sunset,2021-09,1729601.9904999998,145
Inner Sunset,2021-10,1734590.102,150
Inner Sunset,2021-11,1744046.13,151
Inner Sunset,2021-12,1754512.9130000002,130
Inner Sunset,2022-01,1767038.005,139
Inner Sunset,2022-02,1785366.7585,115
Inner Sunset,2022-03,1811265.6445,133
Inner Sunset,2022-04,1832893.0715,156
Inner Sunset,2022-05,1843574.8415,117
Inner Sunset,2022-06,1838916.3275,131
Inner Sunset,2022-07,1820821.9115,118
Inner Sunset,2022-08,1790707.613,113
Inner Sunset,2022-09,1752443.4470000002,126
Inner Sunset,2022-10,1718301.11,144
Inner Sunset,2022-11,1688939.1325,131
Inner Sunset,2022-12,1665054.6085,146
Japantown,2018-01,984372.0424,154
Japantown,2018-02,988631.9055,97
Japantown,2018-03,992567.0009,128
Japantown,2018-04,997236.3048,112
Japantown,2018-05,1005188.106,106
Japantown,2018-06,1010089.755,101
Japantown,2018-07,1008660.477,133
Japantown,2018-08,1003985.91,176
Japantown,2018-09,1001924.875,123
Japantown,2018-10,1003581.57,107
Japantown,2018-11,1008133.859,110
Japantown,2018-12,1009430.919,135
Japantown,2019-01,1008804.345,104
Japantown,2019-02,1003414.661,104
Japantown,2019-03,998922.5326,141
Japantown,2019-04,996411.4978,119
Japantown,2019-05,997405.2753,144
Japantown,2019-06,1002479.594,137
Japantown,2019-07,1010271.383,127
Japantown,2019-08,1018427.118,146
Japantown,2019-09,1023946.663,136
Japantown,2019-10,1028125.942,186
Japantown,2019-11,1030878.528,128
Japantown,2019-12,1033294.065,152
Japantown,2020-01,1034916.244,142
Japantown,2020-02,1035616.679,102
Japantown,2020-03,1036939.18,69
Japantown,2020-04,1038251.972,47
Japantown,2020-05,1037136.665,55
Japantown,2020-06,1030314.866,48
Japantown,2020-07,1019403.387,59
Japantown,2020-08,1010142.372,63
Japantown,2020-09,1004945.153,51
Japantown,2020-10,1002148.603,71
Japantown,2020-11,1000206.64,77
Japantown,2020-12,999380.6669,74
Japantown,2021-01,998527.1699,56
Japantown,2021-02,994757.3407,55
Japantown,2021-03,990558.6261,78
Japantown,2021-04,987144.7221,87
Japantown,2021-05,988721.9964,116
Japantown,2021-06,992639.3576,82
Japantown,2021-07,999056.0712,84
Japantown,2021-08,1006046.637,129
Japantown,2021-09,1009518.9,100
Japantown,2021-10,1012834.326,183
Japantown,2021-11,1018603.643,141
Japantown,2021-12,1028636.367,133
Japantown,2022-01,1038956.574,147
Japantown,2022-02,1049215.126,123
Japantown,2022-03,1061014.771,165
Japantown,2022-04,1070991.773,101
Japantown,2022-05,1074716.982,110
Japantown,2022-06,1067904.229,132
Japantown,2022-07,1053530.266,124
Japantown,2022-08,1033549.861,117
Japantown,2022-09,1011628.2,137
Japantown,2022-10,994315.7919,180
Japantown,2022-11,984116.6842,154
Japantown,2022-12,978799.3803,156
Lakeshore,2018-01,1345174.4689999998,140
Lakeshore,2018-02,1354126.451666667,154
Lakeshore,2018-03,1363431.581,156
Lakeshore,2018-04,1370714.0983333334,123
Lakeshore,2018-05,1382990.7473333334,126
Lakeshore,2018-06,1394815.3406666666,114
Lakeshore,2018-07,1401380.1603333335,113
Lakeshore,2018-08,1402625.859,147
Lakeshore,2018-09,1400582.1133333333,129
Lakeshore,2018-10,1401396.8526666667,132
Lakeshore,2018-11,1400571.6516666666,149
Lakeshore,2018-12,1397069.4583333333,169
Lakeshore,2019-01,1391942.5146666665,142
Lakeshore,2019-02,1384581.9913333333,151
Lakeshore,2019-03,1378227.2563333332,137
Lakeshore,2019-04,1375321.162,144
Lakeshore,2019-05,1376653.705,143
Lakeshore,2019-06,1383248.216,131
Lakeshore,2019-07,1392318.2293333334,167
Lakeshore,2019-08,1400439.6033333335,175
Lakeshore,2019-09,1404541.173333333,153
Lakeshore,2019-10,1404016.345,160
Lakeshore,2019-11,1402713.37,173
Lakeshore,2019-12,1401476.735,147
Lakeshore,2020-01,1403139.4236666665,143
Lakeshore,2020-02,1406859.186,106
Lakeshore,2020-03,1415131.9883333333,93
Lakeshore,2020-04,1420173.898,81
Lakeshore,2020-05,1419877.829,85
Lakeshore,2020-06,1411938.729,113
Lakeshore,2020-07,1406787.7833333332,98
Lakeshore,2020-08,1407980.3753333334,92
Lakeshore,2020-09,1413857.025,94
Lakeshore,2020-10,1415992.5803333337,92
Lakeshore,2020-11,1413785.0373333332,114
Lakeshore,2020-12,1406414.43,115
Lakeshore,2021-01,1397830.5236666666,115
Lakeshore,2021-02,1390390.567,95
Lakeshore,2021-03,1390743.9083333332,77
Lakeshore,2021-04,1397868.4606666667,102
Lakeshore,2021-05,1413418.564,99
Lakeshore,2021-06,1432662.3503333332,119
Lakeshore,2021-07,1455809.2183333335,115
Lakeshore,2021-08,1475731.684333333,125
Lakeshore,2021-09,1488652.3146666668,196
Lakeshore,2021-10,1495818.6823333334,142
Lakeshore,2021-11,1504506.2566666666,173
Lakeshore,2021-12,1513820.400333333,202
Lakeshore,2022-01,1523962.0823333336,185
Lakeshore,2022-02,1533582.8376666668,181
Lakeshore,2022-03,1544630.789,176
Lakeshore,2022-04,1553023.8583333334,164
Lakeshore,2022-05,1556234.5446666663,159
Lakeshore,2022-06,1551315.045,169
Lakeshore,2022-07,1537886.8036666668,168
Lakeshore,2022-08,1514956.649,142
Lakeshore,2022-09,1487584.618,146
Lakeshore,2022-10,1464776.8436666664,117
Lakeshore,2022-11,1447579.148,123
Lakeshore,2022-12,1434233.2306666663,167
Lone Mountain/USF,2018-01,1633995.098,144
Lone Mountain/USF,2018-02,1651130.724,141
Lone Mountain/USF,2018-03,1661248.927,166
Lone Mountain/USF,2018-04,1668473.793,163
Lone Mountain/USF,2018-05,1678325.62,150
Lone Mountain/USF,2018-06,1689555.025,127
Lone Mountain/USF,2018-07,1686790.957,145
Lone Mountain/USF,2018-08,1679533.209,134
Lone Mountain/USF,2018-09,1675127.915,150
Lone Mountain/USF,2018-10,1677352.591,181
Lone Mountain/USF,2018-11,1679858.53,115
Lone Mountain/USF,2018-12,1674309.839,155
Lone Mountain/USF,2019-01,1666260.828,123
Lone Mountain/USF,2019-02,1652157.179,132
Lone Mountain/USF,2019-03,1641702.334,113
Lone Mountain/USF,2019-04,1636524.016,113
Lone Mountain/USF,2019-05,1634411.506,137
Lone Mountain/USF,2019-06,1636373.746,122
Lone Mountain/USF,2019-07,1642461.514,156
Lone Mountain/USF,2019-08,1654982.096,167
Lone Mountain/USF,2019-09,1665706.204,143
Lone Mountain/USF,2019-10,1673582.793,153
Lone Mountain/USF,2019-11,1678654.185,128
Lone Mountain/USF,2019-12,1683325.137,165
Lone Mountain/USF,2020-01,1688025.177,169
Lone Mountain/USF,2020-02,1690807.419,132
Lone Mountain/USF,2020-03,1697082.992,129
Lone Mountain/USF,2020-04,1701159.776,94
Lone Mountain/USF,2020-05,1696846.96,99
Lone Mountain/USF,2020-06,1680879.17,146
Lone Mountain/USF,2020-07,1665616.957,152
Lone Mountain/USF,2020-08,1664939.627,122
Lone Mountain/USF,2020-09,1674734.559,143
Lone Mountain/USF,2020-10,1681437.814,112
Lone Mountain/USF,2020-11,1681991.659,138
Lone Mountain/USF,2020-12,1679478.635,147
Lone Mountain/USF,2021-01,1675654.604,126
Lone Mountain/USF,2021-02,1668581.525,140
Lone Mountain/USF,2021-03,1665010.025,133
Lone Mountain/USF,2021-04,1667534.069,90
Lone Mountain/USF,2021-05,1682187.441,99
Lone Mountain/USF,2021-06,1700052.317,125
Lone Mountain/USF,2021-07,1725192.899,118
Lone Mountain/USF,2021-08,1748471.735,125
Lone Mountain/USF,2021-09,1768478.091,91
Lone Mountain/USF,2021-10,1781799.959,99
Lone Mountain/USF,2021-11,1797198.775,130
Lone Mountain/USF,2021-12,1809449.993,125
Lone Mountain/USF,2022-01,1819080.348,109
Lone Mountain/USF,2022-02,1827309.991,107
Lone Mountain/USF,2022-03,1844552.004,128
Lone Mountain/USF,2022-04,1862107.941,130
Lone Mountain/USF,2022-05,1868970.575,120
Lone Mountain/USF,2022-06,1854070.857,123
Lone Mountain/USF,2022-07,1823870.414,135
Lone Mountain/USF,2022-08,1784666.776,119
Lone Mountain/USF,2022-09,1743654.418,142
Lone Mountain/USF,2022-10,1710339.059,126
Lone Mountain/USF,2022-11,1683434.918,98
Lone Mountain/USF,2022-12,1657997.918,95
Marina,2018-01,2248424.7605,269
Marina,2018-02,2259739.782,252
Marina,2018-03,2272304.0755,271
Marina,2018-04,2281627.8710000003,219
Marina,2018-05,2294380.1845,219
Marina,2018-06,2304237.343,263
Marina,2018-07,2295178.6585,271
Marina,2018-08,2285524.25,257
Marina,2018-09,2278989.6425,277
Marina,2018-10,2287589.5485,279
Marina,2018-11,2294531.657,222
Marina,2018-12,2293490.9815,288
Marina,2019-01,2288598.6405,284
Marina,2019-02,2267810.646,262
Marina,2019-03,2248475.541,229
Marina,2019-04,2237015.4035,281
Marina,2019-05,2240732.8880000003,268
Marina,2019-06,2249019.0825,323
Marina,2019-07,2255069.259,309
Marina,2019-08,2262536.34,364
Marina,2019-09,2271745.4375,312
Marina,2019-10,2283499.763,391
Marina,2019-11,2290726.8235,329
Marina,2019-12,2295328.808,374
Marina,2020-01,2295673.3315000003,350
Marina,2020-02,2295872.3285,261
Marina,2020-03,2296198.6365,212
Marina,2020-04,2296120.599,216
Marina,2020-05,2286643.9225000003,283
Marina,2020-06,2267137.051,249
Marina,2020-07,2248081.3285,320
Marina,2020-08,2242814.7675,340
Marina,2020-09,2250906.3545,316
Marina,2020-10,2258885.5590000004,261
Marina,2020-11,2265237.454,355
Marina,2020-12,2264368.894,352
Marina,2021-01,2263087.3575,384
Marina,2021-02,2259520.019,290
Marina,2021-03,2261220.425,328
Marina,2021-04,2267168.3515,351
Marina,2021-05,2285959.61,397
Marina,2021-06,2309801.134,400
Marina,2021-07,2348785.4515,364
Marina,2021-08,2383613.7985,319
Marina,2021-09,2422253.42,394
Marina,2021-10,2451279.256,383
Marina,2021-11,2484712.821,324
Marina,2021-12,2510834.7715,311
Marina,2022-01,2523948.9195,313
Marina,2022-02,2531504.046,325
Marina,2022-03,2542393.6500000004,351
Marina,2022-04,2554761.61,306
Marina,2022-05,2553493.18,296
Marina,2022-06,2532111.345,262
Marina,2022-07,2498340.1075,364
Marina,2022-08,2449377.723,345
Marina,2022-09,2389517.7885,338
Marina,2022-10,2334218.8655000003,312
Marina,2022-11,2293639.344,267
Marina,2022-12,2261636.999,302
Mission,2018-01,1155954.1575000002,1390
Mission,2018-02,1161919.2195,1406
Mission,2018-03,1168200.889,1485
Mission,2018-04,1173842.182,1447
Mission,2018-05,1182413.6865,1642
Mission,2018-06,1189993.031,1448
Mission,2018-07,1191031.666,1553
Mission,2018-08,1188323.2555,1635
Mission,2018-09,1186183.244,1474
Mission,2018-10,1188292.603,1380
Mission,2018-11,1192301.9575,1392
Mission,2018-12,1193034.8265,1258
Mission,2019-01,1193273.372,1274
Mission,2019-02,1190674.652,1071
Mission,2019-03,1188774.8575,1251
Mission,2019-04,1188486.852,1189
Mission,2019-05,1190899.856,1302
Mission,2019-06,1196909.047,1248
Mission,2019-07,1204141.391,1376
Mission,2019-08,1211674.0669999998,1445
Mission,2019-09,1218252.114,1391
Mission,2019-10,1223514.443,1431
Mission,2019-11,1229337.2999999998,1245
Mission,2019-12,1235513.781,1186
Mission,2020-01,1239549.3195,1249
Mission,2020-02,1239882.041,1302
Mission,2020-03,1239376.5,1056
Mission,2020-04,1239154.698,870
Mission,2020-05,1236323.273,885
Mission,2020-06,1228908.759,847
Mission,2020-07,1222460.0305,874
Mission,2020-08,1220569.187,899
Mission,2020-09,1220603.6875,853
Mission,2020-10,1218989.122,837
Mission,2020-11,1215904.5244999998,847
Mission,2020-12,1212275.8805,846
Mission,2021-01,1207136.1065,923
Mission,2021-02,1199476.343,861
Mission,2021-03,1194003.8624999998,905
Mission,2021-04,1189967.198,824
Mission,2021-05,1193714.8539999998,936
Mission,2021-06,1197904.739,984
Mission,2021-07,1209360.1715,1038
Mission,2021-08,1219570.8115,1136
Mission,2021-09,1231503.7385,986
Mission,2021-10,1240197.4315,1112
Mission,2021-11,1253378.2365,1113
Mission,2021-12,1265562.3195,1112
Mission,2022-01,1272621.807,1043
Mission,2022-02,1273402.271,917
Mission,2022-03,1273435.676,1030
Mission,2022-04,1275198.6515,1016
Mission,2022-05,1273633.9485,1069
Mission,2022-06,1264174.9355,1080
Mission,2022-07,1247958.7655,1050
Mission,2022-08,1225546.3135000002,1132
Mission,2022-09,1200654.953,1135
Mission,2022-10,1177744.3605,1162
Mission,2022-11,1157933.1685,1016
Mission,2022-12,1139922.347,985
Mission Bay,2018-01,1160609.959,257
Mission Bay,2018-02,1161785.217,197
Mission Bay,2018-03,1165086.691,237
Mission Bay,2018-04,1169662.055,236
Mission Bay,2018-05,1175712.538,196
Mission Bay,2018-06,1178895.333,210
Mission Bay,2018-07,1179919.708,258
Mission Bay,2018-08,1178278.091,214
Mission Bay,2018-09,1180870.342,244
Mission Bay,2018-10,1185346.251,212
Mission Bay,2018-11,1192900.991,193
Mission Bay,2018-12,1197071.066,199
Mission Bay,2019-01,1196092.303,245
Mission Bay,2019-02,1188858.297,138
Mission Bay,2019-03,1180210.799,180
Mission Bay,2019-04,1176566.172,165
Mission Bay,2019-05,1175623.196,176
Mission Bay,2019-06,1177619.747,191
Mission Bay,2019-07,1182036.644,208
Mission Bay,2019-08,1189788.298,209
Mission Bay,2019-09,1196768.12,190
Mission Bay,2019-10,1201946.306,205
Mission Bay,2019-11,1206822.993,217
Mission Bay,2019-12,1213652.169,175
Mission Bay,2020-01,1217907.213,188
Mission Bay,2020-02,1217970.548,197
Mission Bay,2020-03,1213908.817,165
Mission Bay,2020-04,1209819.225,131
Mission Bay,2020-05,1205860.584,155
Mission Bay,2020-06,1202019.188,167
Mission Bay,2020-07,1199635.25,201
Mission Bay,2020-08,1198576.227,185
Mission Bay,2020-09,1196831.508,177
Mission Bay,2020-10,1193716.023,218
Mission Bay,2020-11,1191695.241,177
Mission Bay,2020-12,1189458.424,219
Mission Bay,2021-01,1186663.106,257
Mission Bay,2021-02,1182284.134,202
Mission Bay,2021-03,1179142.753,173
Mission Bay,2021-04,1177607.574,171
Mission Bay,2021-05,1181195.531,227
Mission Bay,2021-06,1187404.775,209
Mission Bay,2021-07,1196136.745,182
Mission Bay,2021-08,1202904.468,200
Mission Bay,2021-09,1209497.595,214
Mission Bay,2021-10,1217077.003,228
Mission Bay,2021-11,1227968.17,199
Mission Bay,2021-12,1239411.656,193
Mission Bay,2022-01,1248128.077,172
Mission Bay,2022-02,1255534.549,196
Mission Bay,2022-03,1263536.871,179
Mission Bay,2022-04,1269456.63,204
Mission Bay,2022-05,1270329.514,182
Mission Bay,2022-06,1262341.113,207
Mission Bay,2022-07,1248288.317,190
Mission Bay,2022-08,1225895.175,162
Mission Bay,2022-09,1201081.181,190
Mission Bay,2022-10,1178356.499,154
Mission Bay,2022-11,1162131.436,157
Mission Bay,2022-12,1148743.648,156
Nob Hill,2018-01,1059283.872,332
Nob Hill,2018-02,1061756.817,281
Nob Hill,2018-03,1063180.3645,310
Nob Hill,2018-04,1064786.9421,345
Nob Hill,2018-05,1069433.5854,284
Nob Hill,2018-06,1073061.7429,321
Nob Hill,2018-07,1072482.0884,376
Nob Hill,2018-08,1069394.9874,357
Nob Hill,2018-09,1067676.1738,309
Nob Hill,2018-10,1069541.50875,306
Nob Hill,2018-11,1072321.246,318
Nob Hill,2018-12,1073043.0185,362
Nob Hill,2019-01,1071065.1906,336
Nob Hill,2019-02,1064393.1219,307
Nob Hill,2019-03,1058451.89505,343
Nob Hill,2019-04,1055485.79755,345
Nob Hill,2019-05,1056536.3205,348
Nob Hill,2019-06,1059418.5747,358
Nob Hill,2019-07,1064422.86635,432
Nob Hill,2019-08,1070727.209,356
Nob Hill,2019-09,1076062.0603999998,366
Nob Hill,2019-10,1079872.4662,393
Nob Hill,2019-11,1081753.09925,326
Nob Hill,2019-12,1083736.52575,332
Nob Hill,2020-01,1082616.52905,378
Nob Hill,2020-02,1078751.196,304
Nob Hill,2020-03,1074804.2002,295
Nob Hill,2020-04,1072155.2753,306
Nob Hill,2020-05,1068820.5129,341
Nob Hill,2020-06,1063304.29325,237
Nob Hill,2020-07,1058209.671,254
Nob Hill,2020-08,1057677.64075,229
Nob Hill,2020-09,1059805.52565,266
Nob Hill,2020-10,1060880.116,300
Nob Hill,2020-11,1059693.32285,263
Nob Hill,2020-12,1056993.52345,245
Nob Hill,2021-01,1052583.19445,330
Nob Hill,2021-02,1046737.4163,214
Nob Hill,2021-03,1040081.28405,304
Nob Hill,2021-04,1035881.3653,279
Nob Hill,2021-05,1036404.21235,260
Nob Hill,2021-06,1040620.112,254
Nob Hill,2021-07,1049396.59185,295
Nob Hill,2021-08,1058124.9076,305
Nob Hill,2021-09,1066102.19625,290
Nob Hill,2021-10,1071281.26945,364
Nob Hill,2021-11,1079226.0199000002,306
Nob Hill,2021-12,1085998.30385,304
Nob Hill,2022-01,1090003.53935,311
Nob Hill,2022-02,1091119.0458,259
Nob Hill,2022-03,1093573.1084,300
Nob Hill,2022-04,1096598.93305,262
Nob Hill,2022-05,1095027.46935,284
Nob Hill,2022-06,1086310.20085,316
Nob Hill,2022-07,1071063.4024,269
Nob Hill,2022-08,1051939.50165,313
Nob Hill,2022-09,1031482.35305,326
Nob Hill,2022-10,1014033.43475,333
Nob Hill,2022-11,1000035.0779,263
Nob Hill,2022-12,986730.258,295
Noe Valley,2018-01,1822132.749,111
Noe Valley,2018-02,1840817.873,95
Noe Valley,2018-03,1855778.137,84
Noe Valley,2018-04,1866743.257,107
Noe Valley,2018-05,1883791.682,102
Noe Valley,2018-06,1901291.121,105
Noe Valley,2018-07,1902545.106,117
Noe Valley,2018-08,1897148.152,145
Noe Valley,2018-09,1888625.82,112
Noe Valley,2018-10,1890180.359,92
Noe Valley,2018-11,1890829.366,93
Noe Valley,2018-12,1887720.548,127
Noe Valley,2019-01,1879620.897,90
Noe Valley,2019-02,1863863.853,100
Noe Valley,2019-03,1848218.476,133
Noe Valley,2019-04,1840436.987,96
Noe Valley,2019-05,1839787.644,113
Noe Valley,2019-06,1846569.021,99
Noe Valley,2019-07,1856427.513,117
Noe Valley,2019-08,1870636.15,122
Noe Valley,2019-09,1882940.593,123
Noe Valley,2019-10,1893937.468,79
Noe Valley,2019-11,1905373.438,142
Noe Valley,2019-12,1917284.104,112
Noe Valley,2020-01,1924849.849,117
Noe Valley,2020-02,1924816.635,114
Noe Valley,2020-03,1926086.635,87
Noe Valley,2020-04,1925893.708,130
Noe Valley,2020-05,1919495.632,117
Noe Valley,2020-06,1899606.512,121
Noe Valley,2020-07,1884378.498,118
Noe Valley,2020-08,1883786.808,101
Noe Valley,2020-09,1895115.892,86
Noe Valley,2020-10,1904510.015,127
Noe Valley,2020-11,1909219.242,121
Noe Valley,2020-12,1908085.212,174
Noe Valley,2021-01,1902362.205,151
Noe Valley,2021-02,1893918.878,151
Noe Valley,2021-03,1889815.413,124
Noe Valley,2021-04,1892436.469,91
Noe Valley,2021-05,1904302.508,135
Noe Valley,2021-06,1920458.557,133
Noe Valley,2021-07,1948414.024,157
Noe Valley,2021-08,1972942.055,128
Noe Valley,2021-09,1996589.502,122
Noe Valley,2021-10,2013018.581,111
Noe Valley,2021-11,2035763.471,122
Noe Valley,2021-12,2055302.976,137
Noe Valley,2022-01,2066306.349,150
Noe Valley,2022-02,2075537.809,100
Noe Valley,2022-03,2087744.703,105
Noe Valley,2022-04,2100128.977,121
Noe Valley,2022-05,2102219.226,106
Noe Valley,2022-06,2088930.324,113
Noe Valley,2022-07,2058892.723,140
Noe Valley,2022-08,2010290.18,123
Noe Valley,2022-09,1955077.526,118
Noe Valley,2022-10,1907870.304,152
Noe Valley,2022-11,1872091.599,133
Noe Valley,2022-12,1843059.367,111
North Beach,2018-01,1187394.12025,397
North Beach,2018-02,1198061.379,350
North Beach,2018-03,1207887.1455,412
North Beach,2018-04,1215556.201,340
North Beach,2018-05,1225045.7705,362
North Beach,2018-06,1231966.24325,431
North Beach,2018-07,1230979.2295,529
North Beach,2018-08,1224854.846,535
North Beach,2018-09,1219449.57375,471
North Beach,2018-10,1218848.09075,456
North Beach,2018-11,1221203.00125,405
North Beach,2018-12,1221015.02,370
North Beach,2019-01,1219500.23325,308
North Beach,2019-02,1213251.69375,305
North Beach,2019-03,1207736.93775,286
North Beach,2019-04,1205026.50475,288
North Beach,2019-05,1204343.2455,365
North Beach,2019-06,1207909.52725,394
North Beach,2019-07,1212228.56525,476
North Beach,2019-08,1216980.5505,401
North Beach,2019-09,1217977.896,318
North Beach,2019-10,1219856.9595,514
North Beach,2019-11,1223111.77975,292
North Beach,2019-12,1229446.19575,343
North Beach,2020-01,1232460.84875,321
North Beach,2020-02,1233010.99325,248
North Beach,2020-03,1230295.6430000002,197
North Beach,2020-04,1227366.57375,119
North Beach,2020-05,1222035.7645,134
North Beach,2020-06,1214070.60675,145
North Beach,2020-07,1207220.21125,202
North Beach,2020-08,1204292.71575,276
North Beach,2020-09,1203172.33725,163
North Beach,2020-10,1200556.03175,275
North Beach,2020-11,1196971.293,276
North Beach,2020-12,1194336.83925,228
North Beach,2021-01,1189785.61725,243
North Beach,2021-02,1181520.49125,235
North Beach,2021-03,1173141.445,273
North Beach,2021-04,1164991.0595,331
North Beach,2021-05,1164302.14025,574
North Beach,2021-06,1166129.97025,542
North Beach,2021-07,1175492.3175,463
North Beach,2021-08,1185088.66125,387
North Beach,2021-09,1195722.108,408
North Beach,2021-10,1206023.30775,558
North Beach,2021-11,1218846.55875,516
North Beach,2021-12,1231849.61725,391
North Beach,2022-01,1239346.226,332
North Beach,2022-02,1243153.65825,347
North Beach,2022-03,1244144.42575,392
North Beach,2022-04,1244810.22,286
North Beach,2022-05,1240368.4155,317
North Beach,2022-06,1228508.748,382
North Beach,2022-07,1211058.796,442
North Beach,2022-08,1188182.74025,444
North Beach,2022-09,1162543.79025,634
North Beach,2022-10,1137886.552,457
North Beach,2022-11,1118193.796975,409
North Beach,2022-12,1102681.9275,436
Oceanview/Merced/Ingleside,2018-01,1077098.4784,161
Oceanview/Merced/Ingleside,2018-02,1087642.8333,106
Oceanview/Merced/Ingleside,2018-03,1097344.128575,139
Oceanview/Merced/Ingleside,2018-04,1106168.5085,125
Oceanview/Merced/Ingleside,2018-05,1118290.85265,118
Oceanview/Merced/Ingleside,2018-06,1129657.94275,133
Oceanview/Merced/Ingleside,2018-07,1135083.768575,133
Oceanview/Merced/Ingleside,2018-08,1136617.11185,123
Oceanview/Merced/Ingleside,2018-09,1136670.183125,149
Oceanview/Merced/Ingleside,2018-10,1139642.49835,145
Oceanview/Merced/Ingleside,2018-11,1140080.9357500002,129
Oceanview/Merced/Ingleside,2018-12,1137334.3436,121
Oceanview/Merced/Ingleside,2019-01,1131882.73505,127
Oceanview/Merced/Ingleside,2019-02,1124835.1164,116
Oceanview/Merced/Ingleside,2019-03,1118708.251025,83
Oceanview/Merced/Ingleside,2019-04,1115100.72595,115
Oceanview/Merced/Ingleside,2019-05,1114537.77375,92
Oceanview/Merced/Ingleside,2019-06,1117928.334975,118
Oceanview/Merced/Ingleside,2019-07,1124798.8019,105
Oceanview/Merced/Ingleside,2019-08,1132769.821775,128
Oceanview/Merced/Ingleside,2019-09,1140647.79875,133
Oceanview/Merced/Ingleside,2019-10,1145732.27565,118
Oceanview/Merced/Ingleside,2019-11,1150505.8005,95
Oceanview/Merced/Ingleside,2019-12,1153247.0471,133
Oceanview/Merced/Ingleside,2020-01,1157119.180125,107
Oceanview/Merced/Ingleside,2020-02,1161163.74455,83
Oceanview/Merced/Ingleside,2020-03,1167386.455275,73
Oceanview/Merced/Ingleside,2020-04,1170536.48245,73
Oceanview/Merced/Ingleside,2020-05,1168205.870275,104
Oceanview/Merced/Ingleside,2020-06,1159090.504,113
Oceanview/Merced/Ingleside,2020-07,1153442.734475,118
Oceanview/Merced/Ingleside,2020-08,1156373.366875,122
Oceanview/Merced/Ingleside,2020-09,1165877.985075,98
Oceanview/Merced/Ingleside,2020-10,1173978.249275,100
Oceanview/Merced/Ingleside,2020-11,1179335.319175,115
Oceanview/Merced/Ingleside,2020-12,1182468.520575,98
Oceanview/Merced/Ingleside,2021-01,1183377.6544249998,145
Oceanview/Merced/Ingleside,2021-02,1182647.148725,84
Oceanview/Merced/Ingleside,2021-03,1184322.584225,113
Oceanview/Merced/Ingleside,2021-04,1192012.519875,126
Oceanview/Merced/Ingleside,2021-05,1205537.2302,100
Oceanview/Merced/Ingleside,2021-06,1222748.06875,141
Oceanview/Merced/Ingleside,2021-07,1239952.188775,136
Oceanview/Merced/Ingleside,2021-08,1251426.021375,126
Oceanview/Merced/Ingleside,2021-09,1254792.571,113
Oceanview/Merced/Ingleside,2021-10,1254673.9194999998,123
Oceanview/Merced/Ingleside,2021-11,1257076.7995,116
Oceanview/Merced/Ingleside,2021-12,1260298.03125,111
Oceanview/Merced/Ingleside,2022-01,1266639.55175,136
Oceanview/Merced/Ingleside,2022-02,1276588.29575,120
Oceanview/Merced/Ingleside,2022-03,1290869.0935,118
Oceanview/Merced/Ingleside,2022-04,1300976.835,113
Oceanview/Merced/Ingleside,2022-05,1304653.921,89
Oceanview/Merced/Ingleside,2022-06,1300605.3029999998,106
Oceanview/Merced/Ingleside,2022-07,1290338.7282500002,148
Oceanview/Merced/Ingleside,2022-08,1273146.0217499998,132
Oceanview/Merced/Ingleside,2022-09,1252724.70125,108
Oceanview/Merced/Ingleside,2022-10,1234244.489375,109
Oceanview/Merced/Ingleside,2022-11,1218563.12995,121
Oceanview/Merced/Ingleside,2022-12,1204960.342625,139
Outer Mission,2018-01,981673.86845,190
Outer Mission,2018-02,991156.113,162
Outer Mission,2018-03,999435.08205,140
Outer Mission,2018-04,1006743.92965,136
Outer Mission,2018-05,1017674.04045,171
Outer Mission,2018-06,1026700.47695,124
Outer Mission,2018-07,1029808.23425,201
Outer Mission,2018-08,1027424.9526,186
Outer Mission,2018-09,1024414.67865,183
Outer Mission,2018-10,1025490.9608,162
Outer Mission,2018-11,1025751.311,126
Outer Mission,2018-12,1024544.68095,182
Outer Mission,2019-01,1022577.6923,144
Outer Mission,2019-02,1019790.09925,146
Outer Mission,2019-03,1016349.14345,166
Outer Mission,2019-04,1013719.69965,170
Outer Mission,2019-05,1013005.06905,169
Outer Mission,2019-06,1015260.8451,140
Outer Mission,2019-07,1020356.0072,163
Outer Mission,2019-08,1026985.96235,161
Outer Mission,2019-09,1034591.50535,179
Outer Mission,2019-10,1039409.0248,183
Outer Mission,2019-11,1044345.04635,145
Outer Mission,2019-12,1048485.1933,156
Outer Mission,2020-01,1054993.291,131
Outer Mission,2020-02,1061533.29635,145
Outer Mission,2020-03,1068705.7665,137
Outer Mission,2020-04,1072180.8825,119
Outer Mission,2020-05,1069476.2205,166
Outer Mission,2020-06,1061057.2755,153
Outer Mission,2020-07,1055937.39195,183
Outer Mission,2020-08,1058681.33835,128
Outer Mission,2020-09,1067222.884,151
Outer Mission,2020-10,1073558.0235,153
Outer Mission,2020-11,1076767.6695,139
Outer Mission,2020-12,1076264.2955,201
Outer Mission,2021-01,1074166.3765,174
Outer Mission,2021-02,1071711.038,172
Outer Mission,2021-03,1071760.417,137
Outer Mission,2021-04,1075304.739,118
Outer Mission,2021-05,1082392.567,160
Outer Mission,2021-06,1092408.194,166
Outer Mission,2021-07,1103090.8420000002,158
Outer Mission,2021-08,1107887.2685,173
Outer Mission,2021-09,1106531.4315,161
Outer Mission,2021-10,1103970.4045000002,157
Outer Mission,2021-11,1105962.084,180
Outer Mission,2021-12,1108080.9995,135
Outer Mission,2022-01,1113439.2585,137
Outer Mission,2022-02,1122727.5035,110
Outer Mission,2022-03,1136804.3005,145
Outer Mission,2022-04,1146410.7985,125
Outer Mission,2022-05,1148777.5515,138
Outer Mission,2022-06,1143363.2085,104
Outer Mission,2022-07,1132100.312,144
Outer Mission,2022-08,1115529.9635,173
Outer Mission,2022-09,1096647.3169999998,183
Outer Mission,2022-10,1079523.639,151
Outer Mission,2022-11,1064433.144,187
Outer Mission,2022-12,1051771.621,168
Outer Richmond,2018-01,1727291.19875,285
Outer Richmond,2018-02,1742596.1935,216
Outer Richmond,2018-03,1753455.01775,232
Outer Richmond,2018-04,1762982.5395,235
Outer Richmond,2018-05,1774645.91325,259
Outer Richmond,2018-06,1785346.87075,224
Outer Richmond,2018-07,1780494.7495,245
Outer Richmond,2018-08,1771410.134,260
Outer Richmond,2018-09,1763944.2325,213
Outer Richmond,2018-10,1766062.44675,251
Outer Richmond,2018-11,1768349.97125,221
Outer Richmond,2018-12,1764071.72075,253
Outer Richmond,2019-01,1755475.6615,289
Outer Richmond,2019-02,1739798.37025,214
Outer Richmond,2019-03,1728846.8450000002,222
Outer Richmond,2019-04,1725182.6285,223
Outer Richmond,2019-05,1730009.333,249
Outer Richmond,2019-06,1740069.7685,250
Outer Richmond,2019-07,1753835.829,271
Outer Richmond,2019-08,1769581.15625,325
Outer Richmond,2019-09,1780845.9405,284
Outer Richmond,2019-10,1789536.682,412
Outer Richmond,2019-11,1798756.1974999998,276
Outer Richmond,2019-12,1809421.69825,297
Outer Richmond,2020-01,1817764.6545,309
Outer Richmond,2020-02,1822382.85125,229
Outer Richmond,2020-03,1829837.437,219
Outer Richmond,2020-04,1832971.7215,180
Outer Richmond,2020-05,1826529.18025,219
Outer Richmond,2020-06,1806818.88125,211
Outer Richmond,2020-07,1795790.0175,268
Outer Richmond,2020-08,1801462.87225,243
Outer Richmond,2020-09,1820865.60025,244
Outer Richmond,2020-10,1834826.36075,248
Outer Richmond,2020-11,1845661.8105,240
Outer Richmond,2020-12,1854191.117,221
Outer Richmond,2021-01,1861317.16975,258
Outer Richmond,2021-02,1864047.40925,237
Outer Richmond,2021-03,1867382.882,212
Outer Richmond,2021-04,1875092.77175,180
Outer Richmond,2021-05,1892414.09025,252
Outer Richmond,2021-06,1915321.37025,324
Outer Richmond,2021-07,1946079.827,262
Outer Richmond,2021-08,1971677.2885,228
Outer Richmond,2021-09,1990844.78775,271
Outer Richmond,2021-10,2001333.637,279
Outer Richmond,2021-11,2014275.51625,226
Outer Richmond,2021-12,2025839.12525,215
Outer Richmond,2022-01,2039703.58075,247
Outer Richmond,2022-02,2059037.03025,201
Outer Richmond,2022-03,2084681.789,260
Outer Richmond,2022-04,2102944.39925,273
Outer Richmond,2022-05,2103874.506,250
Outer Richmond,2022-06,2085675.029,260
Outer Richmond,2022-07,2053869.87675,244
Outer Richmond,2022-08,2011029.546,259
Outer Richmond,2022-09,1962720.59825,259
Outer Richmond,2022-10,1921577.88675,279
Outer Richmond,2022-11,1889390.60675,198
Outer Richmond,2022-12,1860071.2315,226
Pacific Heights,2018-01,1517317.3175,225
Pacific Heights,2018-02,1525183.2825,167
Pacific Heights,2018-03,1531449.7055,157
Pacific Heights,2018-04,1536579.403,158
Pacific Heights,2018-05,1545400.6845,199
Pacific Heights,2018-06,1554025.7225,203
Pacific Heights,2018-07,1554484.5265000002,199
Pacific Heights,2018-08,1553229.989,200
Pacific Heights,2018-09,1554426.786,173
Pacific Heights,2018-10,1561245.515,202
Pacific Heights,2018-11,1570110.909,169
Pacific Heights,2018-12,1573023.2835,204
Pacific Heights,2019-01,1572484.0705,178
Pacific Heights,2019-02,1562773.0295000002,189
Pacific Heights,2019-03,1555240.8515,195
Pacific Heights,2019-04,1552959.0355,213
Pacific Heights,2019-05,1556335.3335,228
Pacific Heights,2019-06,1561308.9895,192
Pacific Heights,2019-07,1566582.4635,198
Pacific Heights,2019-08,1574148.924,199
Pacific Heights,2019-09,1582115.88,224
Pacific Heights,2019-10,1588722.0945,220
Pacific Heights,2019-11,1593505.209,194
Pacific Heights,2019-12,1597488.878,192
Pacific Heights,2020-01,1604746.253,176
Pacific Heights,2020-02,1612228.631,183
Pacific Heights,2020-03,1619408.674,227
Pacific Heights,2020-04,1621260.1475,165
Pacific Heights,2020-05,1617243.138,230
Pacific Heights,2020-06,1607077.7345,215
Pacific Heights,2020-07,1596834.5515,238
Pacific Heights,2020-08,1592250.04,215
Pacific Heights,2020-09,1592777.47,170
Pacific Heights,2020-10,1591610.6275,202
Pacific Heights,2020-11,1588227.802,186
Pacific Heights,2020-12,1583332.637,177
Pacific Heights,2021-01,1577766.8569999998,194
Pacific Heights,2021-02,1571053.858,189
Pacific Heights,2021-03,1567618.666,180
Pacific Heights,2021-04,1567305.9535,205
Pacific Heights,2021-05,1576205.0815,193
Pacific Heights,2021-06,1587202.495,211
Pacific Heights,2021-07,1605888.7975,158
Pacific Heights,2021-08,1625053.9105,219
Pacific Heights,2021-09,1644257.6615,183
Pacific Heights,2021-10,1661349.771,196
Pacific Heights,2021-11,1680132.02,200
Pacific Heights,2021-12,1698847.6055,222
Pacific Heights,2022-01,1707782.2725,196
Pacific Heights,2022-02,1710009.229,180
Pacific Heights,2022-03,1715421.4985,170
Pacific Heights,2022-04,1724612.3505000002,204
Pacific Heights,2022-05,1728834.8665,145
Pacific Heights,2022-06,1718994.1355,141
Pacific Heights,2022-07,1696029.0475,173
Pacific Heights,2022-08,1664076.9675,171
Pacific Heights,2022-09,1626441.939,187
Pacific Heights,2022-10,1598292.4155,186
Pacific Heights,2022-11,1579141.521,187
Pacific Heights,2022-12,1565964.6655,183
Portola,2018-01,951892.4122,162
Portola,2018-02,958601.31175,102
Portola,2018-03,962805.6448,132
Portola,2018-04,964476.91085,124
Portola,2018-05,971373.48925,134
Portola,2018-06,977899.84245,107
Portola,2018-07,980602.6331,135
Portola,2018-08,979506.3606,129
Portola,2018-09,978985.3113,127
Portola,2018-10,983029.5084,138
Portola,2018-11,986619.01085,145
Portola,2018-12,987260.53235,120
Portola,2019-01,985679.84635,122
Portola,2019-02,981320.4712,113
Portola,2019-03,977284.1372,107
Portola,2019-04,976224.25395,124
Portola,2019-05,978364.819,151
Portola,2019-06,983468.5428,107
Portola,2019-07,989346.24705,165
Portola,2019-08,997013.67335,118
Portola,2019-09,1003690.81625,151
Portola,2019-10,1008579.6298,170
Portola,2019-11,1014227.7226,124
Portola,2019-12,1021162.4955,91
Portola,2020-01,1028989.3565,127
Portola,2020-02,1034167.1655,135
Portola,2020-03,1038330.378,97
Portola,2020-04,1039350.8855,91
Portola,2020-05,1036587.996,114
Portola,2020-06,1029011.842,122
Portola,2020-07,1024562.315,116
Portola,2020-08,1028524.7925,85
Portola,2020-09,1037494.666,87
Portola,2020-10,1044249.494,91
Portola,2020-11,1047502.5855,140
Portola,2020-12,1048954.8235,183
Portola,2021-01,1049625.3645,136
Portola,2021-02,1049391.6515,131
Portola,2021-03,1052707.4465,113
Portola,2021-04,1060103.487,106
Portola,2021-05,1071639.193,124
Portola,2021-06,1084115.3715,126
Portola,2021-07,1099286.3824999998,147
Portola,2021-08,1109537.1785,137
Portola,2021-09,1115775.8285,137
Portola,2021-10,1118809.2884999998,109
Portola,2021-11,1124426.0954999998,119
Portola,2021-12,1127784.415,110
Portola,2022-01,1131543.1395,126
Portola,2022-02,1138884.6845,116
Portola,2022-03,1152663.878,89
Portola,2022-04,1164561.093,120
Portola,2022-05,1171103.6845,126
Portola,2022-06,1169534.131,107
Portola,2022-07,1161268.7185,115
Portola,2022-08,1145824.705,113
Portola,2022-09,1126946.606,126
Portola,2022-10,1109772.969,151
Portola,2022-11,1094734.4395,102
Portola,2022-12,1080113.3,105
Potrero Hill,2018-01,938480.9218,254
Potrero Hill,2018-02,943244.195625,199
Potrero Hill,2018-03,949303.1854,209
Potrero Hill,2018-04,951537.28665,217
Potrero Hill,2018-05,954504.422,205
Potrero Hill,2018-06,956168.09815,165
Potrero Hill,2018-07,956565.1157,190
Potrero Hill,2018-08,954333.74925,202
Potrero Hill,2018-09,952544.497725,170
Potrero Hill,2018-10,953570.67925,198
Potrero Hill,2018-11,954624.912725,183
Potrero Hill,2018-12,953398.0946,177
Potrero Hill,2019-01,949514.3595,195
Potrero Hill,2019-02,944091.272925,181
Potrero Hill,2019-03,939360.29525,164
Potrero Hill,2019-04,937874.6305,167
Potrero Hill,2019-05,938774.673675,191
Potrero Hill,2019-06,941655.507525,147
Potrero Hill,2019-07,944365.661625,195
Potrero Hill,2019-08,948386.070925,178
Potrero Hill,2019-09,951401.799875,158
Potrero Hill,2019-10,955055.5696,161
Potrero Hill,2019-11,959424.361425,220
Potrero Hill,2019-12,965422.909425,206
Potrero Hill,2020-01,968799.7071,168
Potrero Hill,2020-02,968521.06675,219
Potrero Hill,2020-03,967149.849275,164
Potrero Hill,2020-04,967228.917025,174
Potrero Hill,2020-05,966459.4973,182
Potrero Hill,2020-06,963029.36165,176
Potrero Hill,2020-07,958605.49265,203
Potrero Hill,2020-08,957796.560125,209
Potrero Hill,2020-09,958330.59125,154
Potrero Hill,2020-10,958920.440525,169
Potrero Hill,2020-11,959306.51715,210
Potrero Hill,2020-12,959585.463025,220
Potrero Hill,2021-01,959400.577025,184
Potrero Hill,2021-02,956111.903975,207
Potrero Hill,2021-03,952855.415875,190
Potrero Hill,2021-04,950372.597425,176
Potrero Hill,2021-05,952959.070225,146
Potrero Hill,2021-06,956849.925225,160
Potrero Hill,2021-07,962357.47775,182
Potrero Hill,2021-08,965941.890025,213
Potrero Hill,2021-09,970703.3084,156
Potrero Hill,2021-10,975523.251575,186
Potrero Hill,2021-11,982946.019875,182
Potrero Hill,2021-12,988132.00905,205
Potrero Hill,2022-01,994203.560275,188
Potrero Hill,2022-02,1001240.39125,137
Potrero Hill,2022-03,1010050.040975,175
Potrero Hill,2022-04,1017352.5808,173
Potrero Hill,2022-05,1017668.3422,158
Potrero Hill,2022-06,1011977.2894,171
Potrero Hill,2022-07,1000735.131325,168
Potrero Hill,2022-08,985748.150775,201
Potrero Hill,2022-09,969021.75575,174
Potrero Hill,2022-10,954096.118775,209
Potrero Hill,2022-11,941559.458325,190
Potrero Hill,2022-12,930526.158775,158
Presidio,2018-01,1253494.98,24
Presidio,2018-02,1261683.576,13
Presidio,2018-03,1270947.282,28
Presidio,2018-04,1283760.533,16
Presidio,2018-05,1305832.488,17
Presidio,2018-06,1330711.0444999998,39
Presidio,2018-07,1348138.7655,24
Presidio,2018-08,1346569.129,27
Presidio,2018-09,1333553.622,20
Presidio,2018-10,1318845.5720000002,16
Presidio,2018-11,1313269.659,27
Presidio,2018-12,1309144.229,30
Presidio,2019-01,1319014.6115,28
Presidio,2019-02,1324158.5195,47
Presidio,2019-03,1334015.131,30
Presidio,2019-04,1339917.722,25
Presidio,2019-05,1347425.977,47
Presidio,2019-06,1359237.2335,39
Presidio,2019-07,1376373.312,32
Presidio,2019-08,1392198.269,36
Presidio,2019-09,1399003.222,35
Presidio,2019-10,1393628.8199999998,30
Presidio,2019-11,1392106.7255,20
Presidio,2019-12,1398139.1579999998,37
Presidio,2020-01,1413430.2245,42
Presidio,2020-02,1434636.6115,17
Presidio,2020-03,1462104.827,14
Presidio,2020-04,1485780.7585,5
Presidio,2020-05,1499429.4745,7
Presidio,2020-06,1495795.1675,16
Presidio,2020-07,1481844.67,22
Presidio,2020-08,1458818.5720000002,26
Presidio,2020-09,1437820.7615,16
Presidio,2020-10,1414591.3675000002,20
Presidio,2020-11,1375438.564,42
Presidio,2020-12,1318947.41,25
Presidio,2021-01,1264867.7615,25
Presidio,2021-02,1234476.218,32
Presidio,2021-03,1222906.602,31
Presidio,2021-04,1210749.371,48
Presidio,2021-05,1202745.5375,22
Presidio,2021-06,1196988.458,28
Presidio,2021-07,1207957.2680000002,26
Presidio,2021-08,1229265.25,11
Presidio,2021-09,1259127.216,6
Presidio,2021-10,1285649.114,19
Presidio,2021-11,1312925.6645,25
Presidio,2021-12,1333352.159,18
Presidio,2022-01,1343170.3624999998,10
Presidio,2022-02,1340904.2000000002,9
Presidio,2022-03,1339695.4945,9
Presidio,2022-04,1338490.7489999998,11
Presidio,2022-05,1337330.4215,7
Presidio,2022-06,1333423.3805,16
Presidio,2022-07,1318511.6245,17
Presidio,2022-08,1295947.2495,18
Presidio,2022-09,1260317.4995,29
Presidio,2022-10,1230591.9255,6
Presidio,2022-11,1203137.1968,9
Presidio,2022-12,1231277.65715,18
Presidio Heights,2018-01,3779557.089,68
Presidio Heights,2018-02,3796242.933,62
Presidio Heights,2018-03,3788262.426,54
Presidio Heights,2018-04,3792546.481,52
Presidio Heights,2018-05,3813766.413,84
Presidio Heights,2018-06,3834509.568,49
Presidio Heights,2018-07,3793172.759,88
Presidio Heights,2018-08,3752793.595,71
Presidio Heights,2018-09,3729810.574,79
Presidio Heights,2018-10,3752006.199,67
Presidio Heights,2018-11,3780696.192,78
Presidio Heights,2018-12,3791217.743,79
Presidio Heights,2019-01,3783111.324,60
Presidio Heights,2019-02,3734037.737,56
Presidio Heights,2019-03,3693811.096,60
Presidio Heights,2019-04,3666398.077,60
Presidio Heights,2019-05,3658214.449,59
Presidio Heights,2019-06,3655447.548,58
Presidio Heights,2019-07,3653233.437,70
Presidio Heights,2019-08,3666629.114,80
Presidio Heights,2019-09,3680914.4,79
Presidio Heights,2019-10,3694370.857,79
Presidio Heights,2019-11,3698889.165,79
Presidio Heights,2019-12,3696972.791,80
Presidio Heights,2020-01,3701881.937,75
Presidio Heights,2020-02,3715833.741,55
Presidio Heights,2020-03,3727873.145,79
Presidio Heights,2020-04,3729309.782,69
Presidio Heights,2020-05,3709458.69,82
Presidio Heights,2020-06,3672456.452,84
Presidio Heights,2020-07,3645891.529,80
Presidio Heights,2020-08,3648533.78,79
Presidio Heights,2020-09,3682034.985,72
Presidio Heights,2020-10,3702069.463,74
Presidio Heights,2020-11,3719160.135,78
Presidio Heights,2020-12,3724135.396,91
Presidio Heights,2021-01,3736921.371,77
Presidio Heights,2021-02,3731616.017,72
Presidio Heights,2021-03,3731657.69,66
Presidio Heights,2021-04,3734834.183,63
Presidio Heights,2021-05,3763524.208,68
Presidio Heights,2021-06,3796535.526,59
Presidio Heights,2021-07,3848456.729,59
Presidio Heights,2021-08,3905386.422,67
Presidio Heights,2021-09,3968558.156,88
Presidio Heights,2021-10,4024715.089,61
Presidio Heights,2021-11,4084662.322,83
Presidio Heights,2021-12,4141071.463,61
Presidio Heights,2022-01,4196599.957,51
Presidio Heights,2022-02,4238075.929,49
Presidio Heights,2022-03,4298927.581,66
Presidio Heights,2022-04,4338605.315,71
Presidio Heights,2022-05,4355107.09,59
Presidio Heights,2022-06,4332085.588,71
Presidio Heights,2022-07,4292251.837,61
Presidio Heights,2022-08,4234078.262,46
Presidio Heights,2022-09,4141225.303,78
Presidio Heights,2022-10,4051150.332,61
Presidio Heights,2022-11,3974511.506,53
Presidio Heights,2022-12,3913837.521,95
Russian Hill,2018-01,1610648.325,308
Russian Hill,2018-02,1621427.417,247
Russian Hill,2018-03,1630900.23,251
Russian Hill,2018-04,1636248.7095,259
Russian Hill,2018-05,1643512.3235,242
Russian Hill,2018-06,1648521.4989999998,246
Russian Hill,2018-07,1643527.8990000002,337
Russian Hill,2018-08,1636567.543,391
Russian Hill,2018-09,1631608.084,309
Russian Hill,2018-10,1636400.211,299
Russian Hill,2018-11,1641610.6655,286
Russian Hill,2018-12,1642295.6485,327
Russian Hill,2019-01,1638580.6625,324
Russian Hill,2019-02,1625755.9874999998,221
Russian Hill,2019-03,1613626.1995,231
Russian Hill,2019-04,1606820.5444999998,191
Russian Hill,2019-05,1607082.834,249
Russian Hill,2019-06,1611686.8775,312
Russian Hill,2019-07,1618706.4675,330
Russian Hill,2019-08,1628174.0735,319
Russian Hill,2019-09,1636889.065,236
Russian Hill,2019-10,1644884.5655,286
Russian Hill,2019-11,1650409.3080000002,194
Russian Hill,2019-12,1654109.582,271
Russian Hill,2020-01,1653816.8035,243
Russian Hill,2020-02,1650890.164,185
Russian Hill,2020-03,1647727.121,156
Russian Hill,2020-04,1643314.1405000002,156
Russian Hill,2020-05,1634984.8930000002,213
Russian Hill,2020-06,1621058.571,196
Russian Hill,2020-07,1609602.79,207
Russian Hill,2020-08,1605935.06,273
Russian Hill,2020-09,1607769.11,184
Russian Hill,2020-10,1606247.2105,228
Russian Hill,2020-11,1603595.8735000002,251
Russian Hill,2020-12,1599682.889,229
Russian Hill,2021-01,1598070.5765,256
Russian Hill,2021-02,1593982.087,253
Russian Hill,2021-03,1592539.1124999998,272
Russian Hill,2021-04,1591276.868,240
Russian Hill,2021-05,1598462.582,317
Russian Hill,2021-06,1609405.1195,333
Russian Hill,2021-07,1631625.7115,285
Russian Hill,2021-08,1654723.5605,242
Russian Hill,2021-09,1678082.0535,292
Russian Hill,2021-10,1696671.021,371
Russian Hill,2021-11,1718090.332,324
Russian Hill,2021-12,1738158.4870000002,280
Russian Hill,2022-01,1749020.6955,246
Russian Hill,2022-02,1752940.4725,194
Russian Hill,2022-03,1755127.265,295
Russian Hill,2022-04,1758857.066,221
Russian Hill,2022-05,1754877.5265000002,193
Russian Hill,2022-06,1738240.623,251
Russian Hill,2022-07,1711308.5325000002,249
Russian Hill,2022-08,1675132.5485,258
Russian Hill,2022-09,1635547.2505,312
Russian Hill,2022-10,1601608.6515,281
Russian Hill,2022-11,1576236.6355,284
Russian Hill,2022-12,1555414.591,320
Seacliff,2018-01,3364246.557,12
Seacliff,2018-02,3368682.511,9
Seacliff,2018-03,3358730.537,15
Seacliff,2018-04,3350540.409,7
Seacliff,2018-05,3359835.578,13
Seacliff,2018-06,3374413.198,15
Seacliff,2018-07,3366654.954,16
Seacliff,2018-08,3363327.657,22
Seacliff,2018-09,3363992.08,7
Seacliff,2018-10,3384948.787,19
Seacliff,2018-11,3400268.158,7
Seacliff,2018-12,3400033.603,10
Seacliff,2019-01,3383756.924,15
Seacliff,2019-02,3339991.901,12
Seacliff,2019-03,3297456.089,22
Seacliff,2019-04,3273230.408,15
Seacliff,2019-05,3271044.881,15
Seacliff,2019-06,3279594.879,10
Seacliff,2019-07,3283280.089,8
Seacliff,2019-08,3295255.496,24
Seacliff,2019-09,3311206.193,11
Seacliff,2019-10,3326378.713,10
Seacliff,2019-11,3343799.496,12
Seacliff,2019-12,3361234.751,13
Seacliff,2020-01,3380926.211,13
Seacliff,2020-02,3392602.347,9
Seacliff,2020-03,3401906.249,16
Seacliff,2020-04,3406375.838,5
Seacliff,2020-05,3391453.433,18
Seacliff,2020-06,3354884.045,19
Seacliff,2020-07,3331571.905,9
Seacliff,2020-08,3336361.246,25
Seacliff,2020-09,3367428.226,15
Seacliff,2020-10,3383783.369,16
Seacliff,2020-11,3404968.279,11
Seacliff,2020-12,3424139.194,22
Seacliff,2021-01,3444931.244,9
Seacliff,2021-02,3454198.311,18
Seacliff,2021-03,3468481.0,12
Seacliff,2021-04,3489431.462,20
Seacliff,2021-05,3524600.206,27
Seacliff,2021-06,3567440.961,27
Seacliff,2021-07,3634909.818,19
Seacliff,2021-08,3694724.247,27
Seacliff,2021-09,3745905.558,31
Seacliff,2021-10,3782443.587,20
Seacliff,2021-11,3816958.997,15
Seacliff,2021-12,3840242.204,19
Seacliff,2022-01,3870093.993,17
Seacliff,2022-02,3921648.55,18
Seacliff,2022-03,4004802.927,11
Seacliff,2022-04,4058957.988,11
Seacliff,2022-05,4088385.893,30
Seacliff,2022-06,4075396.212,23
Seacliff,2022-07,4035892.217,17
Seacliff,2022-08,3959937.797,10
Seacliff,2022-09,3865012.278,18
Seacliff,2022-10,3780244.161,17
Seacliff,2022-11,3713179.362,18
Seacliff,2022-12,3663083.98,10
South of Market,2018-01,965858.9984,1111
South of Market,2018-02,968737.6433,1010
South of Market,2018-03,971671.5147,1151
South of Market,2018-04,972951.4017,1047
South of Market,2018-05,976384.2121,1072
South of Market,2018-06,979788.7369,1125
South of Market,2018-07,980952.431,1162
South of Market,2018-08,979664.8161,1096
South of Market,2018-09,979769.0166,1021
South of Market,2018-10,981752.1707,1112
South of Market,2018-11,984115.6933,1001
South of Market,2018-12,984666.4102,976
South of Market,2019-01,982401.2088,956
South of Market,2019-02,977167.3615,915
South of Market,2019-03,971507.6665,976
South of Market,2019-04,968714.5009,1016
South of Market,2019-05,968861.865,1023
South of Market,2019-06,970867.7083,935
South of Market,2019-07,974315.9235,1069
South of Market,2019-08,978696.3623,1077
South of Market,2019-09,982485.0948,965
South of Market,2019-10,986448.0902,958
South of Market,2019-11,990747.5024,993
South of Market,2019-12,996190.9752,917
South of Market,2020-01,997055.3089,980
South of Market,2020-02,994121.4051,907
South of Market,2020-03,987485.8565,757
South of Market,2020-04,981913.0703,570
South of Market,2020-05,976281.2731,712
South of Market,2020-06,970437.3265,711
South of Market,2020-07,966160.2537,749
South of Market,2020-08,964409.2489,683
South of Market,2020-09,964476.159,646
South of Market,2020-10,964391.2787,666
South of Market,2020-11,964585.5681,703
South of Market,2020-12,963553.9661,720
South of Market,2021-01,961453.3868,692
South of Market,2021-02,956816.4675,574
South of Market,2021-03,951773.8322,640
South of Market,2021-04,946567.0067,679
South of Market,2021-05,944969.8728,618
South of Market,2021-06,944437.4495,705
South of Market,2021-07,945896.6912,744
South of Market,2021-08,945278.0449,799
South of Market,2021-09,945211.568,830
South of Market,2021-10,946622.9729,779
South of Market,2021-11,952469.0556,930
South of Market,2021-12,959637.4141,737
South of Market,2022-01,965407.9068,743
South of Market,2022-02,968969.218,710
South of Market,2022-03,972799.7494,842
South of Market,2022-04,974792.5978,819
South of Market,2022-05,973046.8374,784
South of Market,2022-06,965419.0553,849
South of Market,2022-07,953810.3174,943
South of Market,2022-08,937965.1017,961
South of Market,2022-09,919909.4416,963
South of Market,2022-10,902213.1147,906
South of Market,2022-11,887619.7034,808
South of Market,2022-12,875124.7639,832
Tenderloin,2018-01,871116.7852333332,1301
Tenderloin,2018-02,874108.2149,1229
Tenderloin,2018-03,878725.4634666666,1304
Tenderloin,2018-04,882622.7648666665,1234
Tenderloin,2018-05,886625.6046666667,1339
Tenderloin,2018-06,888539.1893000001,1146
Tenderloin,2018-07,887199.7751666667,1252
Tenderloin,2018-08,884790.0936666667,1277
Tenderloin,2018-09,884908.4128,1160
Tenderloin,2018-10,887134.864,1318
Tenderloin,2018-11,889199.7704000002,1192
Tenderloin,2018-12,888232.9568666667,1224
Tenderloin,2019-01,884260.6418333333,1273
Tenderloin,2019-02,876525.4332666667,1118
Tenderloin,2019-03,867769.6276666666,1211
Tenderloin,2019-04,862458.6878000001,1240
Tenderloin,2019-05,861111.7801666666,1349
Tenderloin,2019-06,862700.8084666667,1315
Tenderloin,2019-07,866546.2222333333,1262
Tenderloin,2019-08,871732.0435,1365
Tenderloin,2019-09,876787.8134333333,1233
Tenderloin,2019-10,881659.4519333333,1111
Tenderloin,2019-11,885777.4339,1031
Tenderloin,2019-12,889742.1917,1084
Tenderloin,2020-01,889308.1612999999,1150
Tenderloin,2020-02,884199.1346999999,1161
Tenderloin,2020-03,876319.7978333334,937
Tenderloin,2020-04,869353.0987666667,761
Tenderloin,2020-05,863613.9847666668,963
Tenderloin,2020-06,858053.6333333334,959
Tenderloin,2020-07,854169.0005666666,920
Tenderloin,2020-08,854172.9264666666,907
Tenderloin,2020-09,856387.4206666667,956
Tenderloin,2020-10,857326.0767666666,990
Tenderloin,2020-11,856254.8489333332,851
Tenderloin,2020-12,853213.7367666666,971
Tenderloin,2021-01,849913.7995000001,983
Tenderloin,2021-02,844543.3976000001,898
Tenderloin,2021-03,839622.3362666667,785
Tenderloin,2021-04,834117.0059666667,946
Tenderloin,2021-05,832998.4715,827
Tenderloin,2021-06,833707.3725666666,904
Tenderloin,2021-07,838665.9483333332,1017
Tenderloin,2021-08,842648.1652333332,992
Tenderloin,2021-09,846338.8603666667,964
Tenderloin,2021-10,850230.2429666667,1055
Tenderloin,2021-11,857890.0454666667,881
Tenderloin,2021-12,864922.0636333333,1065
Tenderloin,2022-01,867917.4948666667,1074
Tenderloin,2022-02,867373.1286999999,839
Tenderloin,2022-03,866555.2872666667,1092
Tenderloin,2022-04,865856.1378,1006
Tenderloin,2022-05,861775.5849666666,1043
Tenderloin,2022-06,853948.8536666665,1242
Tenderloin,2022-07,841982.1703666666,1509
Tenderloin,2022-08,828726.9749666667,1330
Tenderloin,2022-09,814474.9798333334,1305
Tenderloin,2022-10,802369.3042333332,1128
Tenderloin,2022-11,791374.8341666666,1079
Tenderloin,2022-12,781749.0432666666,1056
Twin Peaks,2018-01,1462009.8598,48
Twin Peaks,2018-02,1472352.7759,18
Twin Peaks,2018-03,1481661.471625,38
Twin Peaks,2018-04,1489482.79735,36
Twin Peaks,2018-05,1502324.2227500002,45
Twin Peaks,2018-06,1513976.3988,39
Twin Peaks,2018-07,1516373.422825,40
Twin Peaks,2018-08,1513236.1498250002,65
Twin Peaks,2018-09,1509882.257275,38
Twin Peaks,2018-10,1510172.6474,64
Twin Peaks,2018-11,1508967.236075,70
Twin Peaks,2018-12,1503946.319425,98
Twin Peaks,2019-01,1497133.504075,66
Twin Peaks,2019-02,1412400.98122,56
Twin Peaks,2019-03,1406157.26556,42
Twin Peaks,2019-04,1405317.42822,47
Twin Peaks,2019-05,1407651.1549,51
Twin Peaks,2019-06,1413912.38798,61
Twin Peaks,2019-07,1421300.5394,51
Twin Peaks,2019-08,1431125.15572,84
Twin Peaks,2019-09,1438981.81824,97
Twin Peaks,2019-10,1444847.50666,127
Twin Peaks,2019-11,1450160.47608,62
Twin Peaks,2019-12,1455361.8384,83
Twin Peaks,2020-01,1459908.8342799998,90
Twin Peaks,2020-02,1462334.1302,43
Twin Peaks,2020-03,1466879.2767,59
Twin Peaks,2020-04,1470225.61454,37
Twin Peaks,2020-05,1468859.0035,60
Twin Peaks,2020-06,1459337.48806,64
Twin Peaks,2020-07,1452180.4161800002,52
Twin Peaks,2020-08,1454150.20622,38
Twin Peaks,2020-09,1462963.00734,67
Twin Peaks,2020-10,1470258.5244,43
Twin Peaks,2020-11,1475627.9492,60
Twin Peaks,2020-12,1479188.0342,55
Twin Peaks,2021-01,1479525.4902,82
Twin Peaks,2021-02,1476599.5366,45
Twin Peaks,2021-03,1476042.8424,31
Twin Peaks,2021-04,1481874.2552,27
Twin Peaks,2021-05,1496102.2354,54
Twin Peaks,2021-06,1513770.5752,29
Twin Peaks,2021-07,1531625.8702,39
Twin Peaks,2021-08,1542857.7382,43
Twin Peaks,2021-09,1549752.3906,53
Twin Peaks,2021-10,1556672.3539999998,49
Twin Peaks,2021-11,1569312.2114,81
Twin Peaks,2021-12,1582804.1026,64
Twin Peaks,2022-01,1595357.6656,76
Twin Peaks,2022-02,1608881.5122,34
Twin Peaks,2022-03,1625837.059,41
Twin Peaks,2022-04,1638915.793,56
Twin Peaks,2022-05,1643302.935,55
Twin Peaks,2022-06,1634050.9022,45
Twin Peaks,2022-07,1613893.1438000002,68
Twin Peaks,2022-08,1582651.092,68
Twin Peaks,2022-09,1545747.135,75
Twin Peaks,2022-10,1514586.3124,48
Twin Peaks,2022-11,1490809.9014,87
Twin Peaks,2022-12,1472301.14284,43
Visitacion Valley,2018-01,805443.174,142
Visitacion Valley,2018-02,811325.6591,145
Visitacion Valley,2018-03,816348.22955,155
Visitacion Valley,2018-04,819598.8857,151
Visitacion Valley,2018-05,826377.1301,170
Visitacion Valley,2018-06,833043.949,118
Visitacion Valley,2018-07,836581.50275,127
Visitacion Valley,2018-08,836464.72155,125
Visitacion Valley,2018-09,835124.1725,137
Visitacion Valley,2018-10,835975.3759999999,153
Visitacion Valley,2018-11,836317.0304,145
Visitacion Valley,2018-12,835801.69135,117
Visitacion Valley,2019-01,833853.129,139
Visitacion Valley,2019-02,832183.0124,121
Visitacion Valley,2019-03,830581.09305,144
Visitacion Valley,2019-04,831486.53255,122
Visitacion Valley,2019-05,833049.76645,134
Visitacion Valley,2019-06,836929.4611500001,119
Visitacion Valley,2019-07,841325.9856499999,83
Visitacion Valley,2019-08,846046.2186499999,136
Visitacion Valley,2019-09,850444.6148999999,115
Visitacion Valley,2019-10,854233.4683000001,131
Visitacion Valley,2019-11,859473.3701,85
Visitacion Valley,2019-12,864931.9238,122
Visitacion Valley,2020-01,871020.77975,141
Visitacion Valley,2020-02,877524.9466,100
Visitacion Valley,2020-03,884803.0226499999,122
Visitacion Valley,2020-04,890537.42195,93
Visitacion Valley,2020-05,891685.52975,142
Visitacion Valley,2020-06,887326.3376,103
Visitacion Valley,2020-07,883494.24385,108
Visitacion Valley,2020-08,885588.1099,130
Visitacion Valley,2020-09,892075.67675,113
Visitacion Valley,2020-10,897263.4343,143
Visitacion Valley,2020-11,899513.84195,110
Visitacion Valley,2020-12,898834.05585,131
Visitacion Valley,2021-01,897516.39475,122
Visitacion Valley,2021-02,895903.3542500001,119
Visitacion Valley,2021-03,897101.07725,104
Visitacion Valley,2021-04,902083.15695,96
Visitacion Valley,2021-05,909712.43395,104
Visitacion Valley,2021-06,918994.9619,94
Visitacion Valley,2021-07,927951.1272,116
Visitacion Valley,2021-08,932539.49145,108
Visitacion Valley,2021-09,933444.5665,108
Visitacion Valley,2021-10,932909.6144,92
Visitacion Valley,2021-11,935716.211,105
Visitacion Valley,2021-12,937706.1641,110
Visitacion Valley,2022-01,942679.5964,88
Visitacion Valley,2022-02,951639.57805,72
Visitacion Valley,2022-03,966091.69695,89
Visitacion Valley,2022-04,978141.0758,112
Visitacion Valley,2022-05,984883.33115,96
Visitacion Valley,2022-06,984789.4232,100
Visitacion Valley,2022-07,978784.6471,100
Visitacion Valley,2022-08,967175.37295,125
Visitacion Valley,2022-09,951860.0547,129
Visitacion Valley,2022-10,936885.8842,136
Visitacion Valley,2022-11,923277.10345,123
Visitacion Valley,2022-12,911100.95935,123
West of Twin Peaks,2018-01,1803450.7135833327,258
West of Twin Peaks,2018-02,1820808.1544166664,217
West of Twin Peaks,2018-03,1835731.528583333,219
West of Twin Peaks,2018-04,1847864.2190833327,280
West of Twin Peaks,2018-05,1863418.2008333327,216
West of Twin Peaks,2018-06,1876583.12875,210
West of Twin Peaks,2018-07,1877363.8404166668,252
West of Twin Peaks,2018-08,1873831.941666667,204
West of Twin Peaks,2018-09,1868742.24625,249
West of Twin Peaks,2018-10,1869488.02075,250
West of Twin Peaks,2018-11,1865935.2979166664,201
West of Twin Peaks,2018-12,1857389.9424166668,218
West of Twin Peaks,2019-01,1847480.8639166665,232
West of Twin Peaks,2019-02,1834459.25125,189
West of Twin Peaks,2019-03,1825376.56525,248
West of Twin Peaks,2019-04,1822622.166333333,219
West of Twin Peaks,2019-05,1823670.3570833327,293
West of Twin Peaks,2019-06,1828570.5091666663,215
West of Twin Peaks,2019-07,1834241.704,209
West of Twin Peaks,2019-08,1843733.4459166664,246
West of Twin Peaks,2019-09,1853513.9755,227
West of Twin Peaks,2019-10,1861641.9334166667,285
West of Twin Peaks,2019-11,1868626.1000833327,239
West of Twin Peaks,2019-12,1873795.5551666664,247
West of Twin Peaks,2020-01,1880770.3465,252
West of Twin Peaks,2020-02,1889131.1441666668,253
West of Twin Peaks,2020-03,1902873.6695833327,220
West of Twin Peaks,2020-04,1911691.351,148
West of Twin Peaks,2020-05,1910864.11625,213
West of Twin Peaks,2020-06,1893443.4355,165
West of Twin Peaks,2020-07,1878673.1891666667,212
West of Twin Peaks,2020-08,1877583.6729166664,161
West of Twin Peaks,2020-09,1889589.784083333,151
West of Twin Peaks,2020-10,1897961.70225,192
West of Twin Peaks,2020-11,1901416.563833333,216
West of Twin Peaks,2020-12,1901540.2791666668,238
West of Twin Peaks,2021-01,1900808.0421666668,190
West of Twin Peaks,2021-02,1900676.8889166664,214
West of Twin Peaks,2021-03,1905426.6274166664,189
West of Twin Peaks,2021-04,1920121.2994166664,141
West of Twin Peaks,2021-05,1943672.281,201
West of Twin Peaks,2021-06,1973422.3970833328,238
West of Twin Peaks,2021-07,2000349.6273333333,241
West of Twin Peaks,2021-08,2015379.0859166663,191
West of Twin Peaks,2021-09,2018551.59975,204
West of Twin Peaks,2021-10,2022451.940583333,211
West of Twin Peaks,2021-11,2034838.5749166664,185
West of Twin Peaks,2021-12,2050301.2095,253
West of Twin Peaks,2022-01,2065683.213333333,189
West of Twin Peaks,2022-02,2082424.0144166667,207
West of Twin Peaks,2022-03,2104880.208083333,238
West of Twin Peaks,2022-04,2122348.074583333,216
West of Twin Peaks,2022-05,2130179.4363333336,201
West of Twin Peaks,2022-06,2123068.19975,209
West of Twin Peaks,2022-07,2103897.819333333,228
West of Twin Peaks,2022-08,2073643.647666667,207
West of Twin Peaks,2022-09,2036500.1601666664,208
West of Twin Peaks,2022-10,2006568.579833333,227
West of Twin Peaks,2022-11,1982816.18325,226
West of Twin Peaks,2022-12,1963557.4168333327,178
Western Addition,2018-01,1028972.4191,445
Western Addition,2018-02,1034937.99715,348
Western Addition,2018-03,1040905.207725,387
Western Addition,2018-04,1046103.668425,326
Western Addition,2018-05,1054609.332425,355
Western Addition,2018-06,1060691.618675,361
Western Addition,2018-07,1062771.8425,378
Western Addition,2018-08,1062089.09455,421
Western Addition,2018-09,1063440.7751,392
Western Addition,2018-10,1067410.815775,423
Western Addition,2018-11,1072801.09505,324
Western Addition,2018-12,1074763.4177,341
Western Addition,2019-01,1073017.9187,401
Western Addition,2019-02,1065011.532875,297
Western Addition,2019-03,1055879.494325,390
Western Addition,2019-04,1051147.7511,377
Western Addition,2019-05,1051272.735775,367
Western Addition,2019-06,1056699.366675,443
Western Addition,2019-07,1064579.9074499998,379
Western Addition,2019-08,1074066.198075,452
Western Addition,2019-09,1082229.5741,470
Western Addition,2019-10,1089173.81355,405
Western Addition,2019-11,1094468.1959,391
Western Addition,2019-12,1099356.64805,426
Western Addition,2020-01,1101977.566675,425
Western Addition,2020-02,1102610.78255,438
Western Addition,2020-03,1102326.533775,305
Western Addition,2020-04,1101981.6479250002,263
Western Addition,2020-05,1099356.876775,294
Western Addition,2020-06,1093367.1101,318
Western Addition,2020-07,1086888.408075,331
Western Addition,2020-08,1083126.0701,310
Western Addition,2020-09,1081850.98745,277
Western Addition,2020-10,1081734.1797,243
Western Addition,2020-11,1082847.809675,231
Western Addition,2020-12,1083949.17595,280
Western Addition,2021-01,1084294.610625,320
Western Addition,2021-02,1080712.97185,206
Western Addition,2021-03,1077682.21765,287
Western Addition,2021-04,1074933.4763,271
Western Addition,2021-05,1078262.11235,307
Western Addition,2021-06,1082365.888425,302
Western Addition,2021-07,1090913.374225,319
Western Addition,2021-08,1100798.460325,270
Western Addition,2021-09,1111494.90095,334
Western Addition,2021-10,1120801.944125,348
Western Addition,2021-11,1132210.976,335
Western Addition,2021-12,1143986.03535,283
Western Addition,2022-01,1150710.45435,312
Western Addition,2022-02,1151220.72375,339
Western Addition,2022-03,1150628.922375,353
Western Addition,2022-04,1152581.64765,386
Western Addition,2022-05,1151514.781725,351
Western Addition,2022-06,1143241.20445,321
Western Addition,2022-07,1126703.287875,321
Western Addition,2022-08,1105755.822775,358
Western Addition,2022-09,1082914.498625,376
Western Addition,2022-10,1064080.12945,378
Western Addition,2022-11,1049605.392575,359
Western Addition,2022-12,1037987.8981,317
