Neighborhood,Date,Price,Number of Crimes,Year
Bayview Hunters Point,2018-01,831369.3810833334,751,2018
Bayview Hunters Point,2018-02,836834.2487166667,653,2018
Bayview Hunters Point,2018-03,842389.7830166668,620,2018
Bayview Hunters Point,2018-04,846786.6948666667,673,2018
Bayview Hunters Point,2018-05,854780.9713666666,682,2018
Bayview Hunters Point,2018-06,863505.6359999999,648,2018
Bayview Hunters Point,2018-07,870626.2723833333,668,2018
Bayview Hunters Point,2018-08,873806.1160666667,674,2018
Bayview Hunters Point,2018-09,875630.37445,694,2018
Bayview Hunters Point,2018-10,878203.1079166667,727,2018
Bayview Hunters Point,2018-11,880549.95265,617,2018
Bayview Hunters Point,2018-12,880888.3569666668,640,2018
Bayview Hunters Point,2019-01,879147.5966500001,714,2019
Bayview Hunters Point,2019-02,875529.7272,674,2019
Bayview Hunters Point,2019-03,872470.3482333333,630,2019
Bayview Hunters Point,2019-04,871027.9692166667,745,2019
Bayview Hunters Point,2019-05,871641.9142,737,2019
Bayview Hunters Point,2019-06,875291.7455166667,595,2019
Bayview Hunters Point,2019-07,881238.63495,659,2019
Bayview Hunters Point,2019-08,887666.3813666668,680,2019
Bayview Hunters Point,2019-09,892968.8515833333,708,2019
Bayview Hunters Point,2019-10,896654.4511666667,739,2019
Bayview Hunters Point,2019-11,900971.03135,662,2019
Bayview Hunters Point,2019-12,905184.52365,663,2019
Bayview Hunters Point,2020-01,909836.4264833336,702,2020
Bayview Hunters Point,2020-02,913673.8468666668,695,2020
Bayview Hunters Point,2020-03,917614.1756,590,2020
Bayview Hunters Point,2020-04,918924.6486333334,616,2020
Bayview Hunters Point,2020-05,916413.2266833334,648,2020
Bayview Hunters Point,2020-06,908900.24295,624,2020
Bayview Hunters Point,2020-07,902844.3019666668,692,2020
Bayview Hunters Point,2020-08,901989.03415,642,2020
Bayview Hunters Point,2020-09,905329.3710166666,641,2020
Bayview Hunters Point,2020-10,907321.2015666668,649,2020
Bayview Hunters Point,2020-11,907261.6243,698,2020
Bayview Hunters Point,2020-12,904752.6511166668,818,2020
Bayview Hunters Point,2021-01,902353.9741833332,855,2021
Bayview Hunters Point,2021-02,899642.0465833334,752,2021
Bayview Hunters Point,2021-03,899487.1420333333,770,2021
Bayview Hunters Point,2021-04,902680.5875333332,718,2021
Bayview Hunters Point,2021-05,909373.5743,773,2021
Bayview Hunters Point,2021-06,917605.2421666668,727,2021
Bayview Hunters Point,2021-07,925767.3608333332,738,2021
Bayview Hunters Point,2021-08,930153.66885,713,2021
Bayview Hunters Point,2021-09,931747.2066,757,2021
Bayview Hunters Point,2021-10,932344.9364833334,809,2021
Bayview Hunters Point,2021-11,934875.54,705,2021
Bayview Hunters Point,2021-12,936598.7912,790,2021
Bayview Hunters Point,2022-01,936812.0403,700,2022
Bayview Hunters Point,2022-02,938270.0482333334,675,2022
Bayview Hunters Point,2022-03,942821.566,705,2022
Bayview Hunters Point,2022-04,946580.8859833332,704,2022
Bayview Hunters Point,2022-05,947045.5302666668,796,2022
Bayview Hunters Point,2022-06,942304.3578,724,2022
Bayview Hunters Point,2022-07,933254.0111833332,799,2022
Bayview Hunters Point,2022-08,919723.6094,799,2022
Bayview Hunters Point,2022-09,903077.4787166668,777,2022
Bayview Hunters Point,2022-10,887773.05485,820,2022
Bayview Hunters Point,2022-11,873668.90085,746,2022
Bayview Hunters Point,2022-12,860694.5101833333,701,2022
Bernal Heights,2018-01,1375102.57325,230,2018
Bernal Heights,2018-02,1387179.9815,182,2018
Bernal Heights,2018-03,1399211.8565,201,2018
Bernal Heights,2018-04,1408955.45375,200,2018
Bernal Heights,2018-05,1423617.59225,221,2018
Bernal Heights,2018-06,1435917.747,201,2018
Bernal Heights,2018-07,1438417.25325,204,2018
Bernal Heights,2018-08,1434586.0505,219,2018
Bernal Heights,2018-09,1430127.46025,206,2018
Bernal Heights,2018-10,1431057.097,212,2018
Bernal Heights,2018-11,1430993.72975,192,2018
Bernal Heights,2018-12,1427391.56125,182,2018
Bernal Heights,2019-01,1421047.696,168,2019
Bernal Heights,2019-02,1409958.03425,153,2019
Bernal Heights,2019-03,1397900.3615,183,2019
Bernal Heights,2019-04,1389583.70725,200,2019
Bernal Heights,2019-05,1385879.27775,191,2019
Bernal Heights,2019-06,1390210.06875,171,2019
Bernal Heights,2019-07,1398301.30175,190,2019
Bernal Heights,2019-08,1410364.923,222,2019
Bernal Heights,2019-09,1418958.37,230,2019
Bernal Heights,2019-10,1423416.032,264,2019
Bernal Heights,2019-11,1426953.442,207,2019
Bernal Heights,2019-12,1430826.673,188,2019
Bernal Heights,2020-01,1438430.5325,253,2020
Bernal Heights,2020-02,1445025.02775,224,2020
Bernal Heights,2020-03,1453784.62225,203,2020
Bernal Heights,2020-04,1458993.11625,166,2020
Bernal Heights,2020-05,1456206.0295,204,2020
Bernal Heights,2020-06,1443259.28725,146,2020
Bernal Heights,2020-07,1433388.44925,206,2020
Bernal Heights,2020-08,1435363.18025,188,2020
Bernal Heights,2020-09,1445602.45725,174,2020
Bernal Heights,2020-10,1451674.5465,180,2020
Bernal Heights,2020-11,1451348.12625,227,2020
Bernal Heights,2020-12,1447733.86575,224,2020
Bernal Heights,2021-01,1442363.38125,224,2021
Bernal Heights,2021-02,1437560.8495,188,2021
Bernal Heights,2021-03,1436487.2615,164,2021
Bernal Heights,2021-04,1440748.632,204,2021
Bernal Heights,2021-05,1451094.08975,204,2021
Bernal Heights,2021-06,1461959.15675,212,2021
Bernal Heights,2021-07,1478594.271,201,2021
Bernal Heights,2021-08,1490933.8675,242,2021
Bernal Heights,2021-09,1501491.23175,204,2021
Bernal Heights,2021-10,1506726.17725,216,2021
Bernal Heights,2021-11,1514357.29425,199,2021
Bernal Heights,2021-12,1519725.8095,194,2021
Bernal Heights,2022-01,1524719.6885,148,2022
Bernal Heights,2022-02,1532717.62175,179,2022
Bernal Heights,2022-03,1544773.3960000002,186,2022
Bernal Heights,2022-04,1551734.9585,215,2022
Bernal Heights,2022-05,1550537.70025,171,2022
Bernal Heights,2022-06,1539318.26125,174,2022
Bernal Heights,2022-07,1519911.029,241,2022
Bernal Heights,2022-08,1491201.4045000002,211,2022
Bernal Heights,2022-09,1456723.055,257,2022
Bernal Heights,2022-10,1427157.35675,209,2022
Bernal Heights,2022-11,1402187.79175,218,2022
Bernal Heights,2022-12,1380843.07875,200,2022
Excelsior,2018-01,971933.2654,217,2018
Excelsior,2018-02,980213.4307666668,237,2018
Excelsior,2018-03,987760.8448333334,207,2018
Excelsior,2018-04,995465.0283333332,198,2018
Excelsior,2018-05,1006299.8456666666,169,2018
Excelsior,2018-06,1016090.5153333334,165,2018
Excelsior,2018-07,1020471.032,217,2018
Excelsior,2018-08,1019138.0313333332,219,2018
Excelsior,2018-09,1015312.1003333334,188,2018
Excelsior,2018-10,1015029.3616666668,177,2018
Excelsior,2018-11,1014907.4296666668,193,2018
Excelsior,2018-12,1014224.7796666668,173,2018
Excelsior,2019-01,1012472.9266666668,176,2019
Excelsior,2019-02,1009521.6296666666,179,2019
Excelsior,2019-03,1006765.5644333332,181,2019
Excelsior,2019-04,1004997.1283666668,192,2019
Excelsior,2019-05,1005460.4511666668,160,2019
Excelsior,2019-06,1009241.1486666668,171,2019
Excelsior,2019-07,1015225.0106666666,181,2019
Excelsior,2019-08,1021687.68,158,2019
Excelsior,2019-09,1027700.5906666666,205,2019
Excelsior,2019-10,1031784.2933333332,179,2019
Excelsior,2019-11,1036861.3523333332,177,2019
Excelsior,2019-12,1042360.3079999998,168,2019
Excelsior,2020-01,1049621.265666667,160,2020
Excelsior,2020-02,1057271.4476666667,158,2020
Excelsior,2020-03,1065180.379333333,135,2020
Excelsior,2020-04,1070451.267,139,2020
Excelsior,2020-05,1069623.807,245,2020
Excelsior,2020-06,1062663.6413333332,194,2020
Excelsior,2020-07,1058047.6043333334,219,2020
Excelsior,2020-08,1060914.683333333,194,2020
Excelsior,2020-09,1069382.2426666666,174,2020
Excelsior,2020-10,1075546.6556666668,190,2020
Excelsior,2020-11,1078404.459,264,2020
Excelsior,2020-12,1077688.2693333337,195,2020
Excelsior,2021-01,1075945.5983333334,207,2021
Excelsior,2021-02,1073609.6106666666,222,2021
Excelsior,2021-03,1074446.55,203,2021
Excelsior,2021-04,1078421.6346666666,199,2021
Excelsior,2021-05,1086364.4203333333,170,2021
Excelsior,2021-06,1096611.791,205,2021
Excelsior,2021-07,1109119.3236666666,155,2021
Excelsior,2021-08,1116965.702,213,2021
Excelsior,2021-09,1119445.2773333334,166,2021
Excelsior,2021-10,1118934.5896666667,161,2021
Excelsior,2021-11,1120945.319666667,153,2021
Excelsior,2021-12,1122422.3586666668,114,2021
Excelsior,2022-01,1126390.5133333334,172,2022
Excelsior,2022-02,1134391.261,136,2022
Excelsior,2022-03,1147138.6756666666,178,2022
Excelsior,2022-04,1156627.998,131,2022
Excelsior,2022-05,1159802.7603333334,164,2022
Excelsior,2022-06,1155352.83,162,2022
Excelsior,2022-07,1144144.6816666666,183,2022
Excelsior,2022-08,1127006.7146666667,155,2022
Excelsior,2022-09,1106721.8873333333,180,2022
Excelsior,2022-10,1088556.5356666667,202,2022
Excelsior,2022-11,1072309.3113333334,210,2022
Excelsior,2022-12,1057308.658,181,2022
Financial District/South Beach,2018-01,1075949.64815,1093,2018
Financial District/South Beach,2018-02,1078617.740625,1040,2018
Financial District/South Beach,2018-03,1081246.305575,1042,2018
Financial District/South Beach,2018-04,1081138.07945,1126,2018
Financial District/South Beach,2018-05,1082698.90685,1180,2018
Financial District/South Beach,2018-06,1084158.253925,1148,2018
Financial District/South Beach,2018-07,1082674.1853,1378,2018
Financial District/South Beach,2018-08,1078670.211375,1273,2018
Financial District/South Beach,2018-09,1075996.74835,1243,2018
Financial District/South Beach,2018-10,1076462.461875,1190,2018
Financial District/South Beach,2018-11,1078376.56215,1101,2018
Financial District/South Beach,2018-12,1079015.308025,1129,2018
Financial District/South Beach,2019-01,1078150.611,1068,2019
Financial District/South Beach,2019-02,1074719.455875,1004,2019
Financial District/South Beach,2019-03,1071723.127725,1104,2019
Financial District/South Beach,2019-04,1072483.228825,1017,2019
Financial District/South Beach,2019-05,1074913.049225,1011,2019
Financial District/South Beach,2019-06,1079255.3907,1059,2019
Financial District/South Beach,2019-07,1084119.56405,1144,2019
Financial District/South Beach,2019-08,1090214.418275,1184,2019
Financial District/South Beach,2019-09,1094127.241925,1144,2019
Financial District/South Beach,2019-10,1097637.011025,1148,2019
Financial District/South Beach,2019-11,1101165.720325,1212,2019
Financial District/South Beach,2019-12,1105844.82895,1042,2019
Financial District/South Beach,2020-01,1104528.6318,1089,2020
Financial District/South Beach,2020-02,1098727.81,985,2020
Financial District/South Beach,2020-03,1090075.18055,656,2020
Financial District/South Beach,2020-04,1084157.064125,427,2020
Financial District/South Beach,2020-05,1078705.1367,547,2020
Financial District/South Beach,2020-06,1072430.785125,474,2020
Financial District/South Beach,2020-07,1066209.435925,546,2020
Financial District/South Beach,2020-08,1062575.1385,604,2020
Financial District/South Beach,2020-09,1061113.65535,534,2020
Financial District/South Beach,2020-10,1061537.08115,521,2020
Financial District/South Beach,2020-11,1063343.840825,536,2020
Financial District/South Beach,2020-12,1064940.3555,519,2020
Financial District/South Beach,2021-01,1065053.625775,518,2021
Financial District/South Beach,2021-02,1061178.220175,541,2021
Financial District/South Beach,2021-03,1056221.542,592,2021
Financial District/South Beach,2021-04,1050712.828425,596,2021
Financial District/South Beach,2021-05,1049820.290925,688,2021
Financial District/South Beach,2021-06,1051680.95705,672,2021
Financial District/South Beach,2021-07,1061002.136175,749,2021
Financial District/South Beach,2021-08,1073329.778575,725,2021
Financial District/South Beach,2021-09,1088586.9393,1025,2021
Financial District/South Beach,2021-10,1101637.621075,1065,2021
Financial District/South Beach,2021-11,1116142.159,1080,2021
Financial District/South Beach,2021-12,1130108.63625,822,2021
Financial District/South Beach,2022-01,1137460.8095,710,2022
Financial District/South Beach,2022-02,1138027.9,753,2022
Financial District/South Beach,2022-03,1134586.41075,813,2022
Financial District/South Beach,2022-04,1132122.7605,782,2022
Financial District/South Beach,2022-05,1128000.9457,742,2022
Financial District/South Beach,2022-06,1119694.225325,863,2022
Financial District/South Beach,2022-07,1106002.1018,819,2022
Financial District/South Beach,2022-08,1087941.1554,862,2022
Financial District/South Beach,2022-09,1067248.42695,812,2022
Financial District/South Beach,2022-10,1048653.1064,792,2022
Financial District/South Beach,2022-11,1033664.913425,690,2022
Financial District/South Beach,2022-12,1019411.603375,757,2022
Glen Park,2018-01,1405747.261,62,2018
Glen Park,2018-02,1421693.394,40,2018
Glen Park,2018-03,1435651.337,49,2018
Glen Park,2018-04,1445184.6465,64,2018
Glen Park,2018-05,1459732.5695,70,2018
Glen Park,2018-06,1472517.362,40,2018
Glen Park,2018-07,1476091.804,73,2018
Glen Park,2018-08,1472341.993,70,2018
Glen Park,2018-09,1466700.0685,60,2018
Glen Park,2018-10,1465555.2880000002,65,2018
Glen Park,2018-11,1463444.4455,44,2018
Glen Park,2018-12,1459725.111,78,2018
Glen Park,2019-01,1453628.378,59,2019
Glen Park,2019-02,1443433.9395,52,2019
Glen Park,2019-03,1430463.4875,54,2019
Glen Park,2019-04,1423088.5845,47,2019
Glen Park,2019-05,1418907.794,57,2019
Glen Park,2019-06,1422832.065,49,2019
Glen Park,2019-07,1429112.0415,59,2019
Glen Park,2019-08,1438637.7415,57,2019
Glen Park,2019-09,1445154.0359999998,60,2019
Glen Park,2019-10,1448727.4495,81,2019
Glen Park,2019-11,1451005.328,67,2019
Glen Park,2019-12,1453055.513,76,2019
Glen Park,2020-01,1454568.4135,62,2020
Glen Park,2020-02,1457263.48,36,2020
Glen Park,2020-03,1463066.064,50,2020
Glen Park,2020-04,1468850.64,56,2020
Glen Park,2020-05,1467102.3555,59,2020
Glen Park,2020-06,1455298.7170000002,68,2020
Glen Park,2020-07,1446380.298,54,2020
Glen Park,2020-08,1448869.4215,59,2020
Glen Park,2020-09,1460024.137,53,2020
Glen Park,2020-10,1467532.689,92,2020
Glen Park,2020-11,1470226.2565,70,2020
Glen Park,2020-12,1470088.5195,69,2020
Glen Park,2021-01,1465390.0635000002,72,2021
Glen Park,2021-02,1460513.412,59,2021
Glen Park,2021-03,1458073.049,53,2021
Glen Park,2021-04,1463969.1205000002,40,2021
Glen Park,2021-05,1477063.8215,77,2021
Glen Park,2021-06,1493640.7315,71,2021
Glen Park,2021-07,1511439.035,80,2021
Glen Park,2021-08,1519839.643,41,2021
Glen Park,2021-09,1523208.8424999998,55,2021
Glen Park,2021-10,1527535.0045,58,2021
Glen Park,2021-11,1539239.563,54,2021
Glen Park,2021-12,1550170.224,68,2021
Glen Park,2022-01,1561304.427,63,2022
Glen Park,2022-02,1575819.2635,51,2022
Glen Park,2022-03,1593957.7065,72,2022
Glen Park,2022-04,1606944.1795,58,2022
Glen Park,2022-05,1611279.9845,45,2022
Glen Park,2022-06,1605122.2740000002,46,2022
Glen Park,2022-07,1586002.8615,80,2022
Glen Park,2022-08,1554745.117,56,2022
Glen Park,2022-09,1516648.4135,79,2022
Glen Park,2022-10,1484598.0335,75,2022
Glen Park,2022-11,1458118.5580000002,58,2022
Glen Park,2022-12,1438421.3675,74,2022
Haight Ashbury,2018-01,1539832.245125,186,2018
Haight Ashbury,2018-02,1546507.721375,173,2018
Haight Ashbury,2018-03,1551877.9445,291,2018
Haight Ashbury,2018-04,1555896.613875,225,2018
Haight Ashbury,2018-05,1565667.520625,251,2018
Haight Ashbury,2018-06,1575476.536375,178,2018
Haight Ashbury,2018-07,1577415.343625,253,2018
Haight Ashbury,2018-08,1575352.52025,214,2018
Haight Ashbury,2018-09,1574267.824,159,2018
Haight Ashbury,2018-10,1576664.36575,322,2018
Haight Ashbury,2018-11,1579578.575875,198,2018
Haight Ashbury,2018-12,1577114.0115,187,2018
Haight Ashbury,2019-01,1574924.08375,194,2019
Haight Ashbury,2019-02,1570148.712375,158,2019
Haight Ashbury,2019-03,1566981.306375,201,2019
Haight Ashbury,2019-04,1569468.26375,192,2019
Haight Ashbury,2019-05,1573978.90175,174,2019
Haight Ashbury,2019-06,1581143.58675,167,2019
Haight Ashbury,2019-07,1586935.590125,202,2019
Haight Ashbury,2019-08,1595432.96275,225,2019
Haight Ashbury,2019-09,1603591.36025,203,2019
Haight Ashbury,2019-10,1611270.279875,223,2019
Haight Ashbury,2019-11,1618852.831125,218,2019
Haight Ashbury,2019-12,1626417.143625,197,2019
Haight Ashbury,2020-01,1630682.25825,174,2020
Haight Ashbury,2020-02,1630458.6285,186,2020
Haight Ashbury,2020-03,1630633.425,158,2020
Haight Ashbury,2020-04,1630429.264625,131,2020
Haight Ashbury,2020-05,1624381.2859999998,138,2020
Haight Ashbury,2020-06,1610726.492375,136,2020
Haight Ashbury,2020-07,1598757.451875,181,2020
Haight Ashbury,2020-08,1596168.20025,157,2020
Haight Ashbury,2020-09,1599015.456875,199,2020
Haight Ashbury,2020-10,1600142.162875,190,2020
Haight Ashbury,2020-11,1599872.918625,182,2020
Haight Ashbury,2020-12,1598112.5255,155,2020
Haight Ashbury,2021-01,1595364.734,163,2021
Haight Ashbury,2021-02,1589030.34,163,2021
Haight Ashbury,2021-03,1586183.065125,130,2021
Haight Ashbury,2021-04,1588750.531625,121,2021
Haight Ashbury,2021-05,1601818.77575,165,2021
Haight Ashbury,2021-06,1616222.984375,212,2021
Haight Ashbury,2021-07,1634407.437375,201,2021
Haight Ashbury,2021-08,1649009.301375,177,2021
Haight Ashbury,2021-09,1663259.432875,208,2021
Haight Ashbury,2021-10,1675066.792375,195,2021
Haight Ashbury,2021-11,1692342.940125,179,2021
Haight Ashbury,2021-12,1709630.096125,160,2021
Haight Ashbury,2022-01,1722872.05525,141,2022
Haight Ashbury,2022-02,1732168.226625,132,2022
Haight Ashbury,2022-03,1742318.02925,114,2022
Haight Ashbury,2022-04,1751386.271375,149,2022
Haight Ashbury,2022-05,1752046.086125,148,2022
Haight Ashbury,2022-06,1741853.839375,125,2022
Haight Ashbury,2022-07,1721019.227,174,2022
Haight Ashbury,2022-08,1691140.655125,153,2022
Haight Ashbury,2022-09,1653438.440125,188,2022
Haight Ashbury,2022-10,1619499.450875,188,2022
Haight Ashbury,2022-11,1591481.72175,130,2022
Haight Ashbury,2022-12,1567043.93,155,2022
Hayes Valley,2018-01,1138367.356,375,2018
Hayes Valley,2018-02,1147311.411,260,2018
Hayes Valley,2018-03,1153988.84,249,2018
Hayes Valley,2018-04,1159517.461,290,2018
Hayes Valley,2018-05,1166656.242,311,2018
Hayes Valley,2018-06,1172894.495,329,2018
Hayes Valley,2018-07,1175244.28,331,2018
Hayes Valley,2018-08,1175417.148,321,2018
Hayes Valley,2018-09,1176437.984,300,2018
Hayes Valley,2018-10,1180327.224,330,2018
Hayes Valley,2018-11,1183877.256,288,2018
Hayes Valley,2018-12,1182411.088,250,2018
Hayes Valley,2019-01,1177320.477,274,2019
Hayes Valley,2019-02,1169254.895,260,2019
Hayes Valley,2019-03,1163101.195,295,2019
Hayes Valley,2019-04,1162321.281,382,2019
Hayes Valley,2019-05,1165017.59,321,2019
Hayes Valley,2019-06,1168721.874,317,2019
Hayes Valley,2019-07,1171459.674,360,2019
Hayes Valley,2019-08,1176010.274,417,2019
Hayes Valley,2019-09,1181648.393,417,2019
Hayes Valley,2019-10,1189404.685,438,2019
Hayes Valley,2019-11,1195507.483,285,2019
Hayes Valley,2019-12,1202052.074,340,2019
Hayes Valley,2020-01,1205369.896,318,2020
Hayes Valley,2020-02,1205081.904,342,2020
Hayes Valley,2020-03,1204854.638,258,2020
Hayes Valley,2020-04,1202273.048,242,2020
Hayes Valley,2020-05,1196764.516,272,2020
Hayes Valley,2020-06,1185518.231,324,2020
Hayes Valley,2020-07,1176519.513,273,2020
Hayes Valley,2020-08,1172486.198,279,2020
Hayes Valley,2020-09,1170848.129,296,2020
Hayes Valley,2020-10,1167071.658,244,2020
Hayes Valley,2020-11,1162889.221,213,2020
Hayes Valley,2020-12,1157514.94,244,2020
Hayes Valley,2021-01,1153022.715,275,2021
Hayes Valley,2021-02,1145132.937,203,2021
Hayes Valley,2021-03,1138749.378,268,2021
Hayes Valley,2021-04,1130543.473,227,2021
Hayes Valley,2021-05,1126635.133,289,2021
Hayes Valley,2021-06,1123214.498,292,2021
Hayes Valley,2021-07,1129805.288,300,2021
Hayes Valley,2021-08,1140185.582,297,2021
Hayes Valley,2021-09,1155260.722,283,2021
Hayes Valley,2021-10,1168539.649,283,2021
Hayes Valley,2021-11,1185631.912,314,2021
Hayes Valley,2021-12,1200243.245,251,2021
Hayes Valley,2022-01,1206051.368,256,2022
Hayes Valley,2022-02,1202166.439,218,2022
Hayes Valley,2022-03,1196774.554,253,2022
Hayes Valley,2022-04,1194518.098,235,2022
Hayes Valley,2022-05,1192656.56,242,2022
Hayes Valley,2022-06,1184130.382,291,2022
Hayes Valley,2022-07,1167771.682,338,2022
Hayes Valley,2022-08,1146139.665,282,2022
Hayes Valley,2022-09,1124321.446,318,2022
Hayes Valley,2022-10,1108115.139,322,2022
Hayes Valley,2022-11,1094706.876,288,2022
Hayes Valley,2022-12,1078480.875,284,2022
Inner Richmond,2018-01,1948172.004,185,2018
Inner Richmond,2018-02,1968511.254,140,2018
Inner Richmond,2018-03,1981078.546,148,2018
Inner Richmond,2018-04,1990287.384,191,2018
Inner Richmond,2018-05,1999887.9760000005,140,2018
Inner Richmond,2018-06,2009589.582,153,2018
Inner Richmond,2018-07,1998800.4265,167,2018
Inner Richmond,2018-08,1983770.7425,148,2018
Inner Richmond,2018-09,1973802.2625,156,2018
Inner Richmond,2018-10,1976979.8675,155,2018
Inner Richmond,2018-11,1983866.992,160,2018
Inner Richmond,2018-12,1980189.136,151,2018
Inner Richmond,2019-01,1968809.4655,185,2019
Inner Richmond,2019-02,1945189.379,157,2019
Inner Richmond,2019-03,1924879.9705,140,2019
Inner Richmond,2019-04,1911939.932,156,2019
Inner Richmond,2019-05,1908338.1175,126,2019
Inner Richmond,2019-06,1912910.8045,179,2019
Inner Richmond,2019-07,1924748.1175,151,2019
Inner Richmond,2019-08,1941883.7775,145,2019
Inner Richmond,2019-09,1955162.4585,175,2019
Inner Richmond,2019-10,1966024.0825,160,2019
Inner Richmond,2019-11,1974845.2385,157,2019
Inner Richmond,2019-12,1984752.991,183,2019
Inner Richmond,2020-01,1995705.5985,172,2020
Inner Richmond,2020-02,2003192.47,110,2020
Inner Richmond,2020-03,2014103.2105,104,2020
Inner Richmond,2020-04,2018836.6635,84,2020
Inner Richmond,2020-05,2013837.7875,148,2020
Inner Richmond,2020-06,1994829.8585,132,2020
Inner Richmond,2020-07,1979845.4245,125,2020
Inner Richmond,2020-08,1980936.292,131,2020
Inner Richmond,2020-09,1995032.164,126,2020
Inner Richmond,2020-10,2004060.5945,145,2020
Inner Richmond,2020-11,2009542.3805,120,2020
Inner Richmond,2020-12,2011036.1185,177,2020
Inner Richmond,2021-01,2013478.852,138,2021
Inner Richmond,2021-02,2010545.1285,123,2021
Inner Richmond,2021-03,2010238.5885,149,2021
Inner Richmond,2021-04,2016848.8605,134,2021
Inner Richmond,2021-05,2038756.131,171,2021
Inner Richmond,2021-06,2066437.654,140,2021
Inner Richmond,2021-07,2097569.6905,165,2021
Inner Richmond,2021-08,2122138.216,132,2021
Inner Richmond,2021-09,2142948.424,141,2021
Inner Richmond,2021-10,2158093.2825,136,2021
Inner Richmond,2021-11,2176359.741,119,2021
Inner Richmond,2021-12,2192491.833,138,2021
Inner Richmond,2022-01,2212218.337,131,2022
Inner Richmond,2022-02,2240039.7255,142,2022
Inner Richmond,2022-03,2279918.609,146,2022
Inner Richmond,2022-04,2314023.776,147,2022
Inner Richmond,2022-05,2326623.6865,148,2022
Inner Richmond,2022-06,2309956.4045,123,2022
Inner Richmond,2022-07,2274531.0635,132,2022
Inner Richmond,2022-08,2226152.0335,120,2022
Inner Richmond,2022-09,2170054.2545,138,2022
Inner Richmond,2022-10,2120608.0225,157,2022
Inner Richmond,2022-11,2082715.438,133,2022
Inner Richmond,2022-12,2050317.511,176,2022
Inner Sunset,2018-01,1516317.4965,144,2018
Inner Sunset,2018-02,1532675.01,118,2018
Inner Sunset,2018-03,1546821.653,131,2018
Inner Sunset,2018-04,1560850.825,124,2018
Inner Sunset,2018-05,1580836.923,124,2018
Inner Sunset,2018-06,1598084.1834999998,141,2018
Inner Sunset,2018-07,1600817.169,150,2018
Inner Sunset,2018-08,1594057.3505000002,149,2018
Inner Sunset,2018-09,1587411.4674999998,149,2018
Inner Sunset,2018-10,1586637.83,137,2018
Inner Sunset,2018-11,1586616.0125,142,2018
Inner Sunset,2018-12,1580082.9255,130,2018
Inner Sunset,2019-01,1570973.8254999998,123,2019
Inner Sunset,2019-02,1556022.1175,125,2019
Inner Sunset,2019-03,1545188.721,121,2019
Inner Sunset,2019-04,1540275.7659999998,119,2019
Inner Sunset,2019-05,1541145.3495,120,2019
Inner Sunset,2019-06,1547255.4835,151,2019
Inner Sunset,2019-07,1555696.1324999998,161,2019
Inner Sunset,2019-08,1565462.0655,176,2019
Inner Sunset,2019-09,1572945.242,129,2019
Inner Sunset,2019-10,1577818.3645,175,2019
Inner Sunset,2019-11,1584981.548,142,2019
Inner Sunset,2019-12,1591813.9055,196,2019
Inner Sunset,2020-01,1599837.8725,136,2020
Inner Sunset,2020-02,1607067.8369999998,140,2020
Inner Sunset,2020-03,1618458.937,129,2020
Inner Sunset,2020-04,1624482.962,95,2020
Inner Sunset,2020-05,1618279.363,94,2020
Inner Sunset,2020-06,1601293.7465,114,2020
Inner Sunset,2020-07,1590563.771,152,2020
Inner Sunset,2020-08,1593737.9330000002,137,2020
Inner Sunset,2020-09,1605139.132,107,2020
Inner Sunset,2020-10,1613263.6545000002,150,2020
Inner Sunset,2020-11,1618288.7259999998,147,2020
Inner Sunset,2020-12,1621213.4065,162,2020
Inner Sunset,2021-01,1623398.3465,131,2021
Inner Sunset,2021-02,1624608.677,133,2021
Inner Sunset,2021-03,1628429.7,122,2021
Inner Sunset,2021-04,1638310.8709999998,154,2021
Inner Sunset,2021-05,1656124.5775,139,2021
Inner Sunset,2021-06,1679050.957,201,2021
Inner Sunset,2021-07,1703708.8685,145,2021
Inner Sunset,2021-08,1721076.8155,126,2021
Inner Sunset,2021-09,1729601.9904999998,145,2021
Inner Sunset,2021-10,1734590.102,150,2021
Inner Sunset,2021-11,1744046.13,151,2021
Inner Sunset,2021-12,1754512.9130000002,130,2021
Inner Sunset,2022-01,1767038.005,139,2022
Inner Sunset,2022-02,1785366.7585,115,2022
Inner Sunset,2022-03,1811265.6445,133,2022
Inner Sunset,2022-04,1832893.0715,156,2022
Inner Sunset,2022-05,1843574.8415,117,2022
Inner Sunset,2022-06,1838916.3275,131,2022
Inner Sunset,2022-07,1820821.9115,118,2022
Inner Sunset,2022-08,1790707.613,113,2022
Inner Sunset,2022-09,1752443.4470000002,126,2022
Inner Sunset,2022-10,1718301.11,144,2022
Inner Sunset,2022-11,1688939.1325,131,2022
Inner Sunset,2022-12,1665054.6085,146,2022
Japantown,2018-01,984372.0424,154,2018
Japantown,2018-02,988631.9055,97,2018
Japantown,2018-03,992567.0009,128,2018
Japantown,2018-04,997236.3048,112,2018
Japantown,2018-05,1005188.106,106,2018
Japantown,2018-06,1010089.755,101,2018
Japantown,2018-07,1008660.477,133,2018
Japantown,2018-08,1003985.91,176,2018
Japantown,2018-09,1001924.875,123,2018
Japantown,2018-10,1003581.57,107,2018
Japantown,2018-11,1008133.859,110,2018
Japantown,2018-12,1009430.919,135,2018
Japantown,2019-01,1008804.345,104,2019
Japantown,2019-02,1003414.661,104,2019
Japantown,2019-03,998922.5326,141,2019
Japantown,2019-04,996411.4978,119,2019
Japantown,2019-05,997405.2753,144,2019
Japantown,2019-06,1002479.594,137,2019
Japantown,2019-07,1010271.383,127,2019
Japantown,2019-08,1018427.118,146,2019
Japantown,2019-09,1023946.663,136,2019
Japantown,2019-10,1028125.942,186,2019
Japantown,2019-11,1030878.528,128,2019
Japantown,2019-12,1033294.065,152,2019
Japantown,2020-01,1034916.244,142,2020
Japantown,2020-02,1035616.679,102,2020
Japantown,2020-03,1036939.18,69,2020
Japantown,2020-04,1038251.972,47,2020
Japantown,2020-05,1037136.665,55,2020
Japantown,2020-06,1030314.866,48,2020
Japantown,2020-07,1019403.387,59,2020
Japantown,2020-08,1010142.372,63,2020
Japantown,2020-09,1004945.153,51,2020
Japantown,2020-10,1002148.603,71,2020
Japantown,2020-11,1000206.64,77,2020
Japantown,2020-12,999380.6669,74,2020
Japantown,2021-01,998527.1699,56,2021
Japantown,2021-02,994757.3407,55,2021
Japantown,2021-03,990558.6261,78,2021
Japantown,2021-04,987144.7221,87,2021
Japantown,2021-05,988721.9964,116,2021
Japantown,2021-06,992639.3576,82,2021
Japantown,2021-07,999056.0712,84,2021
Japantown,2021-08,1006046.637,129,2021
Japantown,2021-09,1009518.9,100,2021
Japantown,2021-10,1012834.326,183,2021
Japantown,2021-11,1018603.643,141,2021
Japantown,2021-12,1028636.367,133,2021
Japantown,2022-01,1038956.574,147,2022
Japantown,2022-02,1049215.126,123,2022
Japantown,2022-03,1061014.771,165,2022
Japantown,2022-04,1070991.773,101,2022
Japantown,2022-05,1074716.982,110,2022
Japantown,2022-06,1067904.229,132,2022
Japantown,2022-07,1053530.266,124,2022
Japantown,2022-08,1033549.861,117,2022
Japantown,2022-09,1011628.2,137,2022
Japantown,2022-10,994315.7919,180,2022
Japantown,2022-11,984116.6842,154,2022
Japantown,2022-12,978799.3803,156,2022
Lakeshore,2018-01,1345174.4689999998,140,2018
Lakeshore,2018-02,1354126.451666667,154,2018
Lakeshore,2018-03,1363431.581,156,2018
Lakeshore,2018-04,1370714.0983333334,123,2018
Lakeshore,2018-05,1382990.7473333334,126,2018
Lakeshore,2018-06,1394815.3406666666,114,2018
Lakeshore,2018-07,1401380.1603333335,113,2018
Lakeshore,2018-08,1402625.859,147,2018
Lakeshore,2018-09,1400582.1133333333,129,2018
Lakeshore,2018-10,1401396.8526666667,132,2018
Lakeshore,2018-11,1400571.6516666666,149,2018
Lakeshore,2018-12,1397069.4583333333,169,2018
Lakeshore,2019-01,1391942.5146666665,142,2019
Lakeshore,2019-02,1384581.9913333333,151,2019
Lakeshore,2019-03,1378227.2563333332,137,2019
Lakeshore,2019-04,1375321.162,144,2019
Lakeshore,2019-05,1376653.705,143,2019
Lakeshore,2019-06,1383248.216,131,2019
Lakeshore,2019-07,1392318.2293333334,167,2019
Lakeshore,2019-08,1400439.6033333335,175,2019
Lakeshore,2019-09,1404541.173333333,153,2019
Lakeshore,2019-10,1404016.345,160,2019
Lakeshore,2019-11,1402713.37,173,2019
Lakeshore,2019-12,1401476.735,147,2019
Lakeshore,2020-01,1403139.4236666665,143,2020
Lakeshore,2020-02,1406859.186,106,2020
Lakeshore,2020-03,1415131.9883333333,93,2020
Lakeshore,2020-04,1420173.898,81,2020
Lakeshore,2020-05,1419877.829,85,2020
Lakeshore,2020-06,1411938.729,113,2020
Lakeshore,2020-07,1406787.7833333332,98,2020
Lakeshore,2020-08,1407980.3753333334,92,2020
Lakeshore,2020-09,1413857.025,94,2020
Lakeshore,2020-10,1415992.5803333337,92,2020
Lakeshore,2020-11,1413785.0373333332,114,2020
Lakeshore,2020-12,1406414.43,115,2020
Lakeshore,2021-01,1397830.5236666666,115,2021
Lakeshore,2021-02,1390390.567,95,2021
Lakeshore,2021-03,1390743.9083333332,77,2021
Lakeshore,2021-04,1397868.4606666667,102,2021
Lakeshore,2021-05,1413418.564,99,2021
Lakeshore,2021-06,1432662.3503333332,119,2021
Lakeshore,2021-07,1455809.2183333335,115,2021
Lakeshore,2021-08,1475731.684333333,125,2021
Lakeshore,2021-09,1488652.3146666668,196,2021
Lakeshore,2021-10,1495818.6823333334,142,2021
Lakeshore,2021-11,1504506.2566666666,173,2021
Lakeshore,2021-12,1513820.400333333,202,2021
Lakeshore,2022-01,1523962.0823333336,185,2022
Lakeshore,2022-02,1533582.8376666668,181,2022
Lakeshore,2022-03,1544630.789,176,2022
Lakeshore,2022-04,1553023.8583333334,164,2022
Lakeshore,2022-05,1556234.5446666663,159,2022
Lakeshore,2022-06,1551315.045,169,2022
Lakeshore,2022-07,1537886.8036666668,168,2022
Lakeshore,2022-08,1514956.649,142,2022
Lakeshore,2022-09,1487584.618,146,2022
Lakeshore,2022-10,1464776.8436666664,117,2022
Lakeshore,2022-11,1447579.148,123,2022
Lakeshore,2022-12,1434233.2306666663,167,2022
Lone Mountain/USF,2018-01,1633995.098,144,2018
Lone Mountain/USF,2018-02,1651130.724,141,2018
Lone Mountain/USF,2018-03,1661248.927,166,2018
Lone Mountain/USF,2018-04,1668473.793,163,2018
Lone Mountain/USF,2018-05,1678325.62,150,2018
Lone Mountain/USF,2018-06,1689555.025,127,2018
Lone Mountain/USF,2018-07,1686790.957,145,2018
Lone Mountain/USF,2018-08,1679533.209,134,2018
Lone Mountain/USF,2018-09,1675127.915,150,2018
Lone Mountain/USF,2018-10,1677352.591,181,2018
Lone Mountain/USF,2018-11,1679858.53,115,2018
Lone Mountain/USF,2018-12,1674309.839,155,2018
Lone Mountain/USF,2019-01,1666260.828,123,2019
Lone Mountain/USF,2019-02,1652157.179,132,2019
Lone Mountain/USF,2019-03,1641702.334,113,2019
Lone Mountain/USF,2019-04,1636524.016,113,2019
Lone Mountain/USF,2019-05,1634411.506,137,2019
Lone Mountain/USF,2019-06,1636373.746,122,2019
Lone Mountain/USF,2019-07,1642461.514,156,2019
Lone Mountain/USF,2019-08,1654982.096,167,2019
Lone Mountain/USF,2019-09,1665706.204,143,2019
Lone Mountain/USF,2019-10,1673582.793,153,2019
Lone Mountain/USF,2019-11,1678654.185,128,2019
Lone Mountain/USF,2019-12,1683325.137,165,2019
Lone Mountain/USF,2020-01,1688025.177,169,2020
Lone Mountain/USF,2020-02,1690807.419,132,2020
Lone Mountain/USF,2020-03,1697082.992,129,2020
Lone Mountain/USF,2020-04,1701159.776,94,2020
Lone Mountain/USF,2020-05,1696846.96,99,2020
Lone Mountain/USF,2020-06,1680879.17,146,2020
Lone Mountain/USF,2020-07,1665616.957,152,2020
Lone Mountain/USF,2020-08,1664939.627,122,2020
Lone Mountain/USF,2020-09,1674734.559,143,2020
Lone Mountain/USF,2020-10,1681437.814,112,2020
Lone Mountain/USF,2020-11,1681991.659,138,2020
Lone Mountain/USF,2020-12,1679478.635,147,2020
Lone Mountain/USF,2021-01,1675654.604,126,2021
Lone Mountain/USF,2021-02,1668581.525,140,2021
Lone Mountain/USF,2021-03,1665010.025,133,2021
Lone Mountain/USF,2021-04,1667534.069,90,2021
Lone Mountain/USF,2021-05,1682187.441,99,2021
Lone Mountain/USF,2021-06,1700052.317,125,2021
Lone Mountain/USF,2021-07,1725192.899,118,2021
Lone Mountain/USF,2021-08,1748471.735,125,2021
Lone Mountain/USF,2021-09,1768478.091,91,2021
Lone Mountain/USF,2021-10,1781799.959,99,2021
Lone Mountain/USF,2021-11,1797198.775,130,2021
Lone Mountain/USF,2021-12,1809449.993,125,2021
Lone Mountain/USF,2022-01,1819080.348,109,2022
Lone Mountain/USF,2022-02,1827309.991,107,2022
Lone Mountain/USF,2022-03,1844552.004,128,2022
Lone Mountain/USF,2022-04,1862107.941,130,2022
Lone Mountain/USF,2022-05,1868970.575,120,2022
Lone Mountain/USF,2022-06,1854070.857,123,2022
Lone Mountain/USF,2022-07,1823870.414,135,2022
Lone Mountain/USF,2022-08,1784666.776,119,2022
Lone Mountain/USF,2022-09,1743654.418,142,2022
Lone Mountain/USF,2022-10,1710339.059,126,2022
Lone Mountain/USF,2022-11,1683434.918,98,2022
Lone Mountain/USF,2022-12,1657997.918,95,2022
Marina,2018-01,2248424.7605,269,2018
Marina,2018-02,2259739.782,252,2018
Marina,2018-03,2272304.0755,271,2018
Marina,2018-04,2281627.8710000003,219,2018
Marina,2018-05,2294380.1845,219,2018
Marina,2018-06,2304237.343,263,2018
Marina,2018-07,2295178.6585,271,2018
Marina,2018-08,2285524.25,257,2018
Marina,2018-09,2278989.6425,277,2018
Marina,2018-10,2287589.5485,279,2018
Marina,2018-11,2294531.657,222,2018
Marina,2018-12,2293490.9815,288,2018
Marina,2019-01,2288598.6405,284,2019
Marina,2019-02,2267810.646,262,2019
Marina,2019-03,2248475.541,229,2019
Marina,2019-04,2237015.4035,281,2019
Marina,2019-05,2240732.8880000003,268,2019
Marina,2019-06,2249019.0825,323,2019
Marina,2019-07,2255069.259,309,2019
Marina,2019-08,2262536.34,364,2019
Marina,2019-09,2271745.4375,312,2019
Marina,2019-10,2283499.763,391,2019
Marina,2019-11,2290726.8235,329,2019
Marina,2019-12,2295328.808,374,2019
Marina,2020-01,2295673.3315000003,350,2020
Marina,2020-02,2295872.3285,261,2020
Marina,2020-03,2296198.6365,212,2020
Marina,2020-04,2296120.599,216,2020
Marina,2020-05,2286643.9225000003,283,2020
Marina,2020-06,2267137.051,249,2020
Marina,2020-07,2248081.3285,320,2020
Marina,2020-08,2242814.7675,340,2020
Marina,2020-09,2250906.3545,316,2020
Marina,2020-10,2258885.5590000004,261,2020
Marina,2020-11,2265237.454,355,2020
Marina,2020-12,2264368.894,352,2020
Marina,2021-01,2263087.3575,384,2021
Marina,2021-02,2259520.019,290,2021
Marina,2021-03,2261220.425,328,2021
Marina,2021-04,2267168.3515,351,2021
Marina,2021-05,2285959.61,397,2021
Marina,2021-06,2309801.134,400,2021
Marina,2021-07,2348785.4515,364,2021
Marina,2021-08,2383613.7985,319,2021
Marina,2021-09,2422253.42,394,2021
Marina,2021-10,2451279.256,383,2021
Marina,2021-11,2484712.821,324,2021
Marina,2021-12,2510834.7715,311,2021
Marina,2022-01,2523948.9195,313,2022
Marina,2022-02,2531504.046,325,2022
Marina,2022-03,2542393.6500000004,351,2022
Marina,2022-04,2554761.61,306,2022
Marina,2022-05,2553493.18,296,2022
Marina,2022-06,2532111.345,262,2022
Marina,2022-07,2498340.1075,364,2022
Marina,2022-08,2449377.723,345,2022
Marina,2022-09,2389517.7885,338,2022
Marina,2022-10,2334218.8655000003,312,2022
Marina,2022-11,2293639.344,267,2022
Marina,2022-12,2261636.999,302,2022
Mission,2018-01,1155954.1575000002,1390,2018
Mission,2018-02,1161919.2195,1406,2018
Mission,2018-03,1168200.889,1485,2018
Mission,2018-04,1173842.182,1447,2018
Mission,2018-05,1182413.6865,1642,2018
Mission,2018-06,1189993.031,1448,2018
Mission,2018-07,1191031.666,1553,2018
Mission,2018-08,1188323.2555,1635,2018
Mission,2018-09,1186183.244,1474,2018
Mission,2018-10,1188292.603,1380,2018
Mission,2018-11,1192301.9575,1392,2018
Mission,2018-12,1193034.8265,1258,2018
Mission,2019-01,1193273.372,1274,2019
Mission,2019-02,1190674.652,1071,2019
Mission,2019-03,1188774.8575,1251,2019
Mission,2019-04,1188486.852,1189,2019
Mission,2019-05,1190899.856,1302,2019
Mission,2019-06,1196909.047,1248,2019
Mission,2019-07,1204141.391,1376,2019
Mission,2019-08,1211674.0669999998,1445,2019
Mission,2019-09,1218252.114,1391,2019
Mission,2019-10,1223514.443,1431,2019
Mission,2019-11,1229337.2999999998,1245,2019
Mission,2019-12,1235513.781,1186,2019
Mission,2020-01,1239549.3195,1249,2020
Mission,2020-02,1239882.041,1302,2020
Mission,2020-03,1239376.5,1056,2020
Mission,2020-04,1239154.698,870,2020
Mission,2020-05,1236323.273,885,2020
Mission,2020-06,1228908.759,847,2020
Mission,2020-07,1222460.0305,874,2020
Mission,2020-08,1220569.187,899,2020
Mission,2020-09,1220603.6875,853,2020
Mission,2020-10,1218989.122,837,2020
Mission,2020-11,1215904.5244999998,847,2020
Mission,2020-12,1212275.8805,846,2020
Mission,2021-01,1207136.1065,923,2021
Mission,2021-02,1199476.343,861,2021
Mission,2021-03,1194003.8624999998,905,2021
Mission,2021-04,1189967.198,824,2021
Mission,2021-05,1193714.8539999998,936,2021
Mission,2021-06,1197904.739,984,2021
Mission,2021-07,1209360.1715,1038,2021
Mission,2021-08,1219570.8115,1136,2021
Mission,2021-09,1231503.7385,986,2021
Mission,2021-10,1240197.4315,1112,2021
Mission,2021-11,1253378.2365,1113,2021
Mission,2021-12,1265562.3195,1112,2021
Mission,2022-01,1272621.807,1043,2022
Mission,2022-02,1273402.271,917,2022
Mission,2022-03,1273435.676,1030,2022
Mission,2022-04,1275198.6515,1016,2022
Mission,2022-05,1273633.9485,1069,2022
Mission,2022-06,1264174.9355,1080,2022
Mission,2022-07,1247958.7655,1050,2022
Mission,2022-08,1225546.3135000002,1132,2022
Mission,2022-09,1200654.953,1135,2022
Mission,2022-10,1177744.3605,1162,2022
Mission,2022-11,1157933.1685,1016,2022
Mission,2022-12,1139922.347,985,2022
Mission Bay,2018-01,1160609.959,257,2018
Mission Bay,2018-02,1161785.217,197,2018
Mission Bay,2018-03,1165086.691,237,2018
Mission Bay,2018-04,1169662.055,236,2018
Mission Bay,2018-05,1175712.538,196,2018
Mission Bay,2018-06,1178895.333,210,2018
Mission Bay,2018-07,1179919.708,258,2018
Mission Bay,2018-08,1178278.091,214,2018
Mission Bay,2018-09,1180870.342,244,2018
Mission Bay,2018-10,1185346.251,212,2018
Mission Bay,2018-11,1192900.991,193,2018
Mission Bay,2018-12,1197071.066,199,2018
Mission Bay,2019-01,1196092.303,245,2019
Mission Bay,2019-02,1188858.297,138,2019
Mission Bay,2019-03,1180210.799,180,2019
Mission Bay,2019-04,1176566.172,165,2019
Mission Bay,2019-05,1175623.196,176,2019
Mission Bay,2019-06,1177619.747,191,2019
Mission Bay,2019-07,1182036.644,208,2019
Mission Bay,2019-08,1189788.298,209,2019
Mission Bay,2019-09,1196768.12,190,2019
Mission Bay,2019-10,1201946.306,205,2019
Mission Bay,2019-11,1206822.993,217,2019
Mission Bay,2019-12,1213652.169,175,2019
Mission Bay,2020-01,1217907.213,188,2020
Mission Bay,2020-02,1217970.548,197,2020
Mission Bay,2020-03,1213908.817,165,2020
Mission Bay,2020-04,1209819.225,131,2020
Mission Bay,2020-05,1205860.584,155,2020
Mission Bay,2020-06,1202019.188,167,2020
Mission Bay,2020-07,1199635.25,201,2020
Mission Bay,2020-08,1198576.227,185,2020
Mission Bay,2020-09,1196831.508,177,2020
Mission Bay,2020-10,1193716.023,218,2020
Mission Bay,2020-11,1191695.241,177,2020
Mission Bay,2020-12,1189458.424,219,2020
Mission Bay,2021-01,1186663.106,257,2021
Mission Bay,2021-02,1182284.134,202,2021
Mission Bay,2021-03,1179142.753,173,2021
Mission Bay,2021-04,1177607.574,171,2021
Mission Bay,2021-05,1181195.531,227,2021
Mission Bay,2021-06,1187404.775,209,2021
Mission Bay,2021-07,1196136.745,182,2021
Mission Bay,2021-08,1202904.468,200,2021
Mission Bay,2021-09,1209497.595,214,2021
Mission Bay,2021-10,1217077.003,228,2021
Mission Bay,2021-11,1227968.17,199,2021
Mission Bay,2021-12,1239411.656,193,2021
Mission Bay,2022-01,1248128.077,172,2022
Mission Bay,2022-02,1255534.549,196,2022
Mission Bay,2022-03,1263536.871,179,2022
Mission Bay,2022-04,1269456.63,204,2022
Mission Bay,2022-05,1270329.514,182,2022
Mission Bay,2022-06,1262341.113,207,2022
Mission Bay,2022-07,1248288.317,190,2022
Mission Bay,2022-08,1225895.175,162,2022
Mission Bay,2022-09,1201081.181,190,2022
Mission Bay,2022-10,1178356.499,154,2022
Mission Bay,2022-11,1162131.436,157,2022
Mission Bay,2022-12,1148743.648,156,2022
Nob Hill,2018-01,1059283.872,332,2018
Nob Hill,2018-02,1061756.817,281,2018
Nob Hill,2018-03,1063180.3645,310,2018
Nob Hill,2018-04,1064786.9421,345,2018
Nob Hill,2018-05,1069433.5854,284,2018
Nob Hill,2018-06,1073061.7429,321,2018
Nob Hill,2018-07,1072482.0884,376,2018
Nob Hill,2018-08,1069394.9874,357,2018
Nob Hill,2018-09,1067676.1738,309,2018
Nob Hill,2018-10,1069541.50875,306,2018
Nob Hill,2018-11,1072321.246,318,2018
Nob Hill,2018-12,1073043.0185,362,2018
Nob Hill,2019-01,1071065.1906,336,2019
Nob Hill,2019-02,1064393.1219,307,2019
Nob Hill,2019-03,1058451.89505,343,2019
Nob Hill,2019-04,1055485.79755,345,2019
Nob Hill,2019-05,1056536.3205,348,2019
Nob Hill,2019-06,1059418.5747,358,2019
Nob Hill,2019-07,1064422.86635,432,2019
Nob Hill,2019-08,1070727.209,356,2019
Nob Hill,2019-09,1076062.0603999998,366,2019
Nob Hill,2019-10,1079872.4662,393,2019
Nob Hill,2019-11,1081753.09925,326,2019
Nob Hill,2019-12,1083736.52575,332,2019
Nob Hill,2020-01,1082616.52905,378,2020
Nob Hill,2020-02,1078751.196,304,2020
Nob Hill,2020-03,1074804.2002,295,2020
Nob Hill,2020-04,1072155.2753,306,2020
Nob Hill,2020-05,1068820.5129,341,2020
Nob Hill,2020-06,1063304.29325,237,2020
Nob Hill,2020-07,1058209.671,254,2020
Nob Hill,2020-08,1057677.64075,229,2020
Nob Hill,2020-09,1059805.52565,266,2020
Nob Hill,2020-10,1060880.116,300,2020
Nob Hill,2020-11,1059693.32285,263,2020
Nob Hill,2020-12,1056993.52345,245,2020
Nob Hill,2021-01,1052583.19445,330,2021
Nob Hill,2021-02,1046737.4163,214,2021
Nob Hill,2021-03,1040081.28405,304,2021
Nob Hill,2021-04,1035881.3653,279,2021
Nob Hill,2021-05,1036404.21235,260,2021
Nob Hill,2021-06,1040620.112,254,2021
Nob Hill,2021-07,1049396.59185,295,2021
Nob Hill,2021-08,1058124.9076,305,2021
Nob Hill,2021-09,1066102.19625,290,2021
Nob Hill,2021-10,1071281.26945,364,2021
Nob Hill,2021-11,1079226.0199000002,306,2021
Nob Hill,2021-12,1085998.30385,304,2021
Nob Hill,2022-01,1090003.53935,311,2022
Nob Hill,2022-02,1091119.0458,259,2022
Nob Hill,2022-03,1093573.1084,300,2022
Nob Hill,2022-04,1096598.93305,262,2022
Nob Hill,2022-05,1095027.46935,284,2022
Nob Hill,2022-06,1086310.20085,316,2022
Nob Hill,2022-07,1071063.4024,269,2022
Nob Hill,2022-08,1051939.50165,313,2022
Nob Hill,2022-09,1031482.35305,326,2022
Nob Hill,2022-10,1014033.43475,333,2022
Nob Hill,2022-11,1000035.0779,263,2022
Nob Hill,2022-12,986730.258,295,2022
Noe Valley,2018-01,1822132.749,111,2018
Noe Valley,2018-02,1840817.873,95,2018
Noe Valley,2018-03,1855778.137,84,2018
Noe Valley,2018-04,1866743.257,107,2018
Noe Valley,2018-05,1883791.682,102,2018
Noe Valley,2018-06,1901291.121,105,2018
Noe Valley,2018-07,1902545.106,117,2018
Noe Valley,2018-08,1897148.152,145,2018
Noe Valley,2018-09,1888625.82,112,2018
Noe Valley,2018-10,1890180.359,92,2018
Noe Valley,2018-11,1890829.366,93,2018
Noe Valley,2018-12,1887720.548,127,2018
Noe Valley,2019-01,1879620.897,90,2019
Noe Valley,2019-02,1863863.853,100,2019
Noe Valley,2019-03,1848218.476,133,2019
Noe Valley,2019-04,1840436.987,96,2019
Noe Valley,2019-05,1839787.644,113,2019
Noe Valley,2019-06,1846569.021,99,2019
Noe Valley,2019-07,1856427.513,117,2019
Noe Valley,2019-08,1870636.15,122,2019
Noe Valley,2019-09,1882940.593,123,2019
Noe Valley,2019-10,1893937.468,79,2019
Noe Valley,2019-11,1905373.438,142,2019
Noe Valley,2019-12,1917284.104,112,2019
Noe Valley,2020-01,1924849.849,117,2020
Noe Valley,2020-02,1924816.635,114,2020
Noe Valley,2020-03,1926086.635,87,2020
Noe Valley,2020-04,1925893.708,130,2020
Noe Valley,2020-05,1919495.632,117,2020
Noe Valley,2020-06,1899606.512,121,2020
Noe Valley,2020-07,1884378.498,118,2020
Noe Valley,2020-08,1883786.808,101,2020
Noe Valley,2020-09,1895115.892,86,2020
Noe Valley,2020-10,1904510.015,127,2020
Noe Valley,2020-11,1909219.242,121,2020
Noe Valley,2020-12,1908085.212,174,2020
Noe Valley,2021-01,1902362.205,151,2021
Noe Valley,2021-02,1893918.878,151,2021
Noe Valley,2021-03,1889815.413,124,2021
Noe Valley,2021-04,1892436.469,91,2021
Noe Valley,2021-05,1904302.508,135,2021
Noe Valley,2021-06,1920458.557,133,2021
Noe Valley,2021-07,1948414.024,157,2021
Noe Valley,2021-08,1972942.055,128,2021
Noe Valley,2021-09,1996589.502,122,2021
Noe Valley,2021-10,2013018.581,111,2021
Noe Valley,2021-11,2035763.471,122,2021
Noe Valley,2021-12,2055302.976,137,2021
Noe Valley,2022-01,2066306.349,150,2022
Noe Valley,2022-02,2075537.809,100,2022
Noe Valley,2022-03,2087744.703,105,2022
Noe Valley,2022-04,2100128.977,121,2022
Noe Valley,2022-05,2102219.226,106,2022
Noe Valley,2022-06,2088930.324,113,2022
Noe Valley,2022-07,2058892.723,140,2022
Noe Valley,2022-08,2010290.18,123,2022
Noe Valley,2022-09,1955077.526,118,2022
Noe Valley,2022-10,1907870.304,152,2022
Noe Valley,2022-11,1872091.599,133,2022
Noe Valley,2022-12,1843059.367,111,2022
North Beach,2018-01,1187394.12025,397,2018
North Beach,2018-02,1198061.379,350,2018
North Beach,2018-03,1207887.1455,412,2018
North Beach,2018-04,1215556.201,340,2018
North Beach,2018-05,1225045.7705,362,2018
North Beach,2018-06,1231966.24325,431,2018
North Beach,2018-07,1230979.2295,529,2018
North Beach,2018-08,1224854.846,535,2018
North Beach,2018-09,1219449.57375,471,2018
North Beach,2018-10,1218848.09075,456,2018
North Beach,2018-11,1221203.00125,405,2018
North Beach,2018-12,1221015.02,370,2018
North Beach,2019-01,1219500.23325,308,2019
North Beach,2019-02,1213251.69375,305,2019
North Beach,2019-03,1207736.93775,286,2019
North Beach,2019-04,1205026.50475,288,2019
North Beach,2019-05,1204343.2455,365,2019
North Beach,2019-06,1207909.52725,394,2019
North Beach,2019-07,1212228.56525,476,2019
North Beach,2019-08,1216980.5505,401,2019
North Beach,2019-09,1217977.896,318,2019
North Beach,2019-10,1219856.9595,514,2019
North Beach,2019-11,1223111.77975,292,2019
North Beach,2019-12,1229446.19575,343,2019
North Beach,2020-01,1232460.84875,321,2020
North Beach,2020-02,1233010.99325,248,2020
North Beach,2020-03,1230295.6430000002,197,2020
North Beach,2020-04,1227366.57375,119,2020
North Beach,2020-05,1222035.7645,134,2020
North Beach,2020-06,1214070.60675,145,2020
North Beach,2020-07,1207220.21125,202,2020
North Beach,2020-08,1204292.71575,276,2020
North Beach,2020-09,1203172.33725,163,2020
North Beach,2020-10,1200556.03175,275,2020
North Beach,2020-11,1196971.293,276,2020
North Beach,2020-12,1194336.83925,228,2020
North Beach,2021-01,1189785.61725,243,2021
North Beach,2021-02,1181520.49125,235,2021
North Beach,2021-03,1173141.445,273,2021
North Beach,2021-04,1164991.0595,331,2021
North Beach,2021-05,1164302.14025,574,2021
North Beach,2021-06,1166129.97025,542,2021
North Beach,2021-07,1175492.3175,463,2021
North Beach,2021-08,1185088.66125,387,2021
North Beach,2021-09,1195722.108,408,2021
North Beach,2021-10,1206023.30775,558,2021
North Beach,2021-11,1218846.55875,516,2021
North Beach,2021-12,1231849.61725,391,2021
North Beach,2022-01,1239346.226,332,2022
North Beach,2022-02,1243153.65825,347,2022
North Beach,2022-03,1244144.42575,392,2022
North Beach,2022-04,1244810.22,286,2022
North Beach,2022-05,1240368.4155,317,2022
North Beach,2022-06,1228508.748,382,2022
North Beach,2022-07,1211058.796,442,2022
North Beach,2022-08,1188182.74025,444,2022
North Beach,2022-09,1162543.79025,634,2022
North Beach,2022-10,1137886.552,457,2022
North Beach,2022-11,1118193.796975,409,2022
North Beach,2022-12,1102681.9275,436,2022
Oceanview/Merced/Ingleside,2018-01,1077098.4784,161,2018
Oceanview/Merced/Ingleside,2018-02,1087642.8333,106,2018
Oceanview/Merced/Ingleside,2018-03,1097344.128575,139,2018
Oceanview/Merced/Ingleside,2018-04,1106168.5085,125,2018
Oceanview/Merced/Ingleside,2018-05,1118290.85265,118,2018
Oceanview/Merced/Ingleside,2018-06,1129657.94275,133,2018
Oceanview/Merced/Ingleside,2018-07,1135083.768575,133,2018
Oceanview/Merced/Ingleside,2018-08,1136617.11185,123,2018
Oceanview/Merced/Ingleside,2018-09,1136670.183125,149,2018
Oceanview/Merced/Ingleside,2018-10,1139642.49835,145,2018
Oceanview/Merced/Ingleside,2018-11,1140080.9357500002,129,2018
Oceanview/Merced/Ingleside,2018-12,1137334.3436,121,2018
Oceanview/Merced/Ingleside,2019-01,1131882.73505,127,2019
Oceanview/Merced/Ingleside,2019-02,1124835.1164,116,2019
Oceanview/Merced/Ingleside,2019-03,1118708.251025,83,2019
Oceanview/Merced/Ingleside,2019-04,1115100.72595,115,2019
Oceanview/Merced/Ingleside,2019-05,1114537.77375,92,2019
Oceanview/Merced/Ingleside,2019-06,1117928.334975,118,2019
Oceanview/Merced/Ingleside,2019-07,1124798.8019,105,2019
Oceanview/Merced/Ingleside,2019-08,1132769.821775,128,2019
Oceanview/Merced/Ingleside,2019-09,1140647.79875,133,2019
Oceanview/Merced/Ingleside,2019-10,1145732.27565,118,2019
Oceanview/Merced/Ingleside,2019-11,1150505.8005,95,2019
Oceanview/Merced/Ingleside,2019-12,1153247.0471,133,2019
Oceanview/Merced/Ingleside,2020-01,1157119.180125,107,2020
Oceanview/Merced/Ingleside,2020-02,1161163.74455,83,2020
Oceanview/Merced/Ingleside,2020-03,1167386.455275,73,2020
Oceanview/Merced/Ingleside,2020-04,1170536.48245,73,2020
Oceanview/Merced/Ingleside,2020-05,1168205.870275,104,2020
Oceanview/Merced/Ingleside,2020-06,1159090.504,113,2020
Oceanview/Merced/Ingleside,2020-07,1153442.734475,118,2020
Oceanview/Merced/Ingleside,2020-08,1156373.366875,122,2020
Oceanview/Merced/Ingleside,2020-09,1165877.985075,98,2020
Oceanview/Merced/Ingleside,2020-10,1173978.249275,100,2020
Oceanview/Merced/Ingleside,2020-11,1179335.319175,115,2020
Oceanview/Merced/Ingleside,2020-12,1182468.520575,98,2020
Oceanview/Merced/Ingleside,2021-01,1183377.6544249998,145,2021
Oceanview/Merced/Ingleside,2021-02,1182647.148725,84,2021
Oceanview/Merced/Ingleside,2021-03,1184322.584225,113,2021
Oceanview/Merced/Ingleside,2021-04,1192012.519875,126,2021
Oceanview/Merced/Ingleside,2021-05,1205537.2302,100,2021
Oceanview/Merced/Ingleside,2021-06,1222748.06875,141,2021
Oceanview/Merced/Ingleside,2021-07,1239952.188775,136,2021
Oceanview/Merced/Ingleside,2021-08,1251426.021375,126,2021
Oceanview/Merced/Ingleside,2021-09,1254792.571,113,2021
Oceanview/Merced/Ingleside,2021-10,1254673.9194999998,123,2021
Oceanview/Merced/Ingleside,2021-11,1257076.7995,116,2021
Oceanview/Merced/Ingleside,2021-12,1260298.03125,111,2021
Oceanview/Merced/Ingleside,2022-01,1266639.55175,136,2022
Oceanview/Merced/Ingleside,2022-02,1276588.29575,120,2022
Oceanview/Merced/Ingleside,2022-03,1290869.0935,118,2022
Oceanview/Merced/Ingleside,2022-04,1300976.835,113,2022
Oceanview/Merced/Ingleside,2022-05,1304653.921,89,2022
Oceanview/Merced/Ingleside,2022-06,1300605.3029999998,106,2022
Oceanview/Merced/Ingleside,2022-07,1290338.7282500002,148,2022
Oceanview/Merced/Ingleside,2022-08,1273146.0217499998,132,2022
Oceanview/Merced/Ingleside,2022-09,1252724.70125,108,2022
Oceanview/Merced/Ingleside,2022-10,1234244.489375,109,2022
Oceanview/Merced/Ingleside,2022-11,1218563.12995,121,2022
Oceanview/Merced/Ingleside,2022-12,1204960.342625,139,2022
Outer Mission,2018-01,981673.86845,190,2018
Outer Mission,2018-02,991156.113,162,2018
Outer Mission,2018-03,999435.08205,140,2018
Outer Mission,2018-04,1006743.92965,136,2018
Outer Mission,2018-05,1017674.04045,171,2018
Outer Mission,2018-06,1026700.47695,124,2018
Outer Mission,2018-07,1029808.23425,201,2018
Outer Mission,2018-08,1027424.9526,186,2018
Outer Mission,2018-09,1024414.67865,183,2018
Outer Mission,2018-10,1025490.9608,162,2018
Outer Mission,2018-11,1025751.311,126,2018
Outer Mission,2018-12,1024544.68095,182,2018
Outer Mission,2019-01,1022577.6923,144,2019
Outer Mission,2019-02,1019790.09925,146,2019
Outer Mission,2019-03,1016349.14345,166,2019
Outer Mission,2019-04,1013719.69965,170,2019
Outer Mission,2019-05,1013005.06905,169,2019
Outer Mission,2019-06,1015260.8451,140,2019
Outer Mission,2019-07,1020356.0072,163,2019
Outer Mission,2019-08,1026985.96235,161,2019
Outer Mission,2019-09,1034591.50535,179,2019
Outer Mission,2019-10,1039409.0248,183,2019
Outer Mission,2019-11,1044345.04635,145,2019
Outer Mission,2019-12,1048485.1933,156,2019
Outer Mission,2020-01,1054993.291,131,2020
Outer Mission,2020-02,1061533.29635,145,2020
Outer Mission,2020-03,1068705.7665,137,2020
Outer Mission,2020-04,1072180.8825,119,2020
Outer Mission,2020-05,1069476.2205,166,2020
Outer Mission,2020-06,1061057.2755,153,2020
Outer Mission,2020-07,1055937.39195,183,2020
Outer Mission,2020-08,1058681.33835,128,2020
Outer Mission,2020-09,1067222.884,151,2020
Outer Mission,2020-10,1073558.0235,153,2020
Outer Mission,2020-11,1076767.6695,139,2020
Outer Mission,2020-12,1076264.2955,201,2020
Outer Mission,2021-01,1074166.3765,174,2021
Outer Mission,2021-02,1071711.038,172,2021
Outer Mission,2021-03,1071760.417,137,2021
Outer Mission,2021-04,1075304.739,118,2021
Outer Mission,2021-05,1082392.567,160,2021
Outer Mission,2021-06,1092408.194,166,2021
Outer Mission,2021-07,1103090.8420000002,158,2021
Outer Mission,2021-08,1107887.2685,173,2021
Outer Mission,2021-09,1106531.4315,161,2021
Outer Mission,2021-10,1103970.4045000002,157,2021
Outer Mission,2021-11,1105962.084,180,2021
Outer Mission,2021-12,1108080.9995,135,2021
Outer Mission,2022-01,1113439.2585,137,2022
Outer Mission,2022-02,1122727.5035,110,2022
Outer Mission,2022-03,1136804.3005,145,2022
Outer Mission,2022-04,1146410.7985,125,2022
Outer Mission,2022-05,1148777.5515,138,2022
Outer Mission,2022-06,1143363.2085,104,2022
Outer Mission,2022-07,1132100.312,144,2022
Outer Mission,2022-08,1115529.9635,173,2022
Outer Mission,2022-09,1096647.3169999998,183,2022
Outer Mission,2022-10,1079523.639,151,2022
Outer Mission,2022-11,1064433.144,187,2022
Outer Mission,2022-12,1051771.621,168,2022
Outer Richmond,2018-01,1727291.19875,285,2018
Outer Richmond,2018-02,1742596.1935,216,2018
Outer Richmond,2018-03,1753455.01775,232,2018
Outer Richmond,2018-04,1762982.5395,235,2018
Outer Richmond,2018-05,1774645.91325,259,2018
Outer Richmond,2018-06,1785346.87075,224,2018
Outer Richmond,2018-07,1780494.7495,245,2018
Outer Richmond,2018-08,1771410.134,260,2018
Outer Richmond,2018-09,1763944.2325,213,2018
Outer Richmond,2018-10,1766062.44675,251,2018
Outer Richmond,2018-11,1768349.97125,221,2018
Outer Richmond,2018-12,1764071.72075,253,2018
Outer Richmond,2019-01,1755475.6615,289,2019
Outer Richmond,2019-02,1739798.37025,214,2019
Outer Richmond,2019-03,1728846.8450000002,222,2019
Outer Richmond,2019-04,1725182.6285,223,2019
Outer Richmond,2019-05,1730009.333,249,2019
Outer Richmond,2019-06,1740069.7685,250,2019
Outer Richmond,2019-07,1753835.829,271,2019
Outer Richmond,2019-08,1769581.15625,325,2019
Outer Richmond,2019-09,1780845.9405,284,2019
Outer Richmond,2019-10,1789536.682,412,2019
Outer Richmond,2019-11,1798756.1974999998,276,2019
Outer Richmond,2019-12,1809421.69825,297,2019
Outer Richmond,2020-01,1817764.6545,309,2020
Outer Richmond,2020-02,1822382.85125,229,2020
Outer Richmond,2020-03,1829837.437,219,2020
Outer Richmond,2020-04,1832971.7215,180,2020
Outer Richmond,2020-05,1826529.18025,219,2020
Outer Richmond,2020-06,1806818.88125,211,2020
Outer Richmond,2020-07,1795790.0175,268,2020
Outer Richmond,2020-08,1801462.87225,243,2020
Outer Richmond,2020-09,1820865.60025,244,2020
Outer Richmond,2020-10,1834826.36075,248,2020
Outer Richmond,2020-11,1845661.8105,240,2020
Outer Richmond,2020-12,1854191.117,221,2020
Outer Richmond,2021-01,1861317.16975,258,2021
Outer Richmond,2021-02,1864047.40925,237,2021
Outer Richmond,2021-03,1867382.882,212,2021
Outer Richmond,2021-04,1875092.77175,180,2021
Outer Richmond,2021-05,1892414.09025,252,2021
Outer Richmond,2021-06,1915321.37025,324,2021
Outer Richmond,2021-07,1946079.827,262,2021
Outer Richmond,2021-08,1971677.2885,228,2021
Outer Richmond,2021-09,1990844.78775,271,2021
Outer Richmond,2021-10,2001333.637,279,2021
Outer Richmond,2021-11,2014275.51625,226,2021
Outer Richmond,2021-12,2025839.12525,215,2021
Outer Richmond,2022-01,2039703.58075,247,2022
Outer Richmond,2022-02,2059037.03025,201,2022
Outer Richmond,2022-03,2084681.789,260,2022
Outer Richmond,2022-04,2102944.39925,273,2022
Outer Richmond,2022-05,2103874.506,250,2022
Outer Richmond,2022-06,2085675.029,260,2022
Outer Richmond,2022-07,2053869.87675,244,2022
Outer Richmond,2022-08,2011029.546,259,2022
Outer Richmond,2022-09,1962720.59825,259,2022
Outer Richmond,2022-10,1921577.88675,279,2022
Outer Richmond,2022-11,1889390.60675,198,2022
Outer Richmond,2022-12,1860071.2315,226,2022
Pacific Heights,2018-01,1517317.3175,225,2018
Pacific Heights,2018-02,1525183.2825,167,2018
Pacific Heights,2018-03,1531449.7055,157,2018
Pacific Heights,2018-04,1536579.403,158,2018
Pacific Heights,2018-05,1545400.6845,199,2018
Pacific Heights,2018-06,1554025.7225,203,2018
Pacific Heights,2018-07,1554484.5265000002,199,2018
Pacific Heights,2018-08,1553229.989,200,2018
Pacific Heights,2018-09,1554426.786,173,2018
Pacific Heights,2018-10,1561245.515,202,2018
Pacific Heights,2018-11,1570110.909,169,2018
Pacific Heights,2018-12,1573023.2835,204,2018
Pacific Heights,2019-01,1572484.0705,178,2019
Pacific Heights,2019-02,1562773.0295000002,189,2019
Pacific Heights,2019-03,1555240.8515,195,2019
Pacific Heights,2019-04,1552959.0355,213,2019
Pacific Heights,2019-05,1556335.3335,228,2019
Pacific Heights,2019-06,1561308.9895,192,2019
Pacific Heights,2019-07,1566582.4635,198,2019
Pacific Heights,2019-08,1574148.924,199,2019
Pacific Heights,2019-09,1582115.88,224,2019
Pacific Heights,2019-10,1588722.0945,220,2019
Pacific Heights,2019-11,1593505.209,194,2019
Pacific Heights,2019-12,1597488.878,192,2019
Pacific Heights,2020-01,1604746.253,176,2020
Pacific Heights,2020-02,1612228.631,183,2020
Pacific Heights,2020-03,1619408.674,227,2020
Pacific Heights,2020-04,1621260.1475,165,2020
Pacific Heights,2020-05,1617243.138,230,2020
Pacific Heights,2020-06,1607077.7345,215,2020
Pacific Heights,2020-07,1596834.5515,238,2020
Pacific Heights,2020-08,1592250.04,215,2020
Pacific Heights,2020-09,1592777.47,170,2020
Pacific Heights,2020-10,1591610.6275,202,2020
Pacific Heights,2020-11,1588227.802,186,2020
Pacific Heights,2020-12,1583332.637,177,2020
Pacific Heights,2021-01,1577766.8569999998,194,2021
Pacific Heights,2021-02,1571053.858,189,2021
Pacific Heights,2021-03,1567618.666,180,2021
Pacific Heights,2021-04,1567305.9535,205,2021
Pacific Heights,2021-05,1576205.0815,193,2021
Pacific Heights,2021-06,1587202.495,211,2021
Pacific Heights,2021-07,1605888.7975,158,2021
Pacific Heights,2021-08,1625053.9105,219,2021
Pacific Heights,2021-09,1644257.6615,183,2021
Pacific Heights,2021-10,1661349.771,196,2021
Pacific Heights,2021-11,1680132.02,200,2021
Pacific Heights,2021-12,1698847.6055,222,2021
Pacific Heights,2022-01,1707782.2725,196,2022
Pacific Heights,2022-02,1710009.229,180,2022
Pacific Heights,2022-03,1715421.4985,170,2022
Pacific Heights,2022-04,1724612.3505000002,204,2022
Pacific Heights,2022-05,1728834.8665,145,2022
Pacific Heights,2022-06,1718994.1355,141,2022
Pacific Heights,2022-07,1696029.0475,173,2022
Pacific Heights,2022-08,1664076.9675,171,2022
Pacific Heights,2022-09,1626441.939,187,2022
Pacific Heights,2022-10,1598292.4155,186,2022
Pacific Heights,2022-11,1579141.521,187,2022
Pacific Heights,2022-12,1565964.6655,183,2022
Portola,2018-01,951892.4122,162,2018
Portola,2018-02,958601.31175,102,2018
Portola,2018-03,962805.6448,132,2018
Portola,2018-04,964476.91085,124,2018
Portola,2018-05,971373.48925,134,2018
Portola,2018-06,977899.84245,107,2018
Portola,2018-07,980602.6331,135,2018
Portola,2018-08,979506.3606,129,2018
Portola,2018-09,978985.3113,127,2018
Portola,2018-10,983029.5084,138,2018
Portola,2018-11,986619.01085,145,2018
Portola,2018-12,987260.53235,120,2018
Portola,2019-01,985679.84635,122,2019
Portola,2019-02,981320.4712,113,2019
Portola,2019-03,977284.1372,107,2019
Portola,2019-04,976224.25395,124,2019
Portola,2019-05,978364.819,151,2019
Portola,2019-06,983468.5428,107,2019
Portola,2019-07,989346.24705,165,2019
Portola,2019-08,997013.67335,118,2019
Portola,2019-09,1003690.81625,151,2019
Portola,2019-10,1008579.6298,170,2019
Portola,2019-11,1014227.7226,124,2019
Portola,2019-12,1021162.4955,91,2019
Portola,2020-01,1028989.3565,127,2020
Portola,2020-02,1034167.1655,135,2020
Portola,2020-03,1038330.378,97,2020
Portola,2020-04,1039350.8855,91,2020
Portola,2020-05,1036587.996,114,2020
Portola,2020-06,1029011.842,122,2020
Portola,2020-07,1024562.315,116,2020
Portola,2020-08,1028524.7925,85,2020
Portola,2020-09,1037494.666,87,2020
Portola,2020-10,1044249.494,91,2020
Portola,2020-11,1047502.5855,140,2020
Portola,2020-12,1048954.8235,183,2020
Portola,2021-01,1049625.3645,136,2021
Portola,2021-02,1049391.6515,131,2021
Portola,2021-03,1052707.4465,113,2021
Portola,2021-04,1060103.487,106,2021
Portola,2021-05,1071639.193,124,2021
Portola,2021-06,1084115.3715,126,2021
Portola,2021-07,1099286.3824999998,147,2021
Portola,2021-08,1109537.1785,137,2021
Portola,2021-09,1115775.8285,137,2021
Portola,2021-10,1118809.2884999998,109,2021
Portola,2021-11,1124426.0954999998,119,2021
Portola,2021-12,1127784.415,110,2021
Portola,2022-01,1131543.1395,126,2022
Portola,2022-02,1138884.6845,116,2022
Portola,2022-03,1152663.878,89,2022
Portola,2022-04,1164561.093,120,2022
Portola,2022-05,1171103.6845,126,2022
Portola,2022-06,1169534.131,107,2022
Portola,2022-07,1161268.7185,115,2022
Portola,2022-08,1145824.705,113,2022
Portola,2022-09,1126946.606,126,2022
Portola,2022-10,1109772.969,151,2022
Portola,2022-11,1094734.4395,102,2022
Portola,2022-12,1080113.3,105,2022
Potrero Hill,2018-01,938480.9218,254,2018
Potrero Hill,2018-02,943244.195625,199,2018
Potrero Hill,2018-03,949303.1854,209,2018
Potrero Hill,2018-04,951537.28665,217,2018
Potrero Hill,2018-05,954504.422,205,2018
Potrero Hill,2018-06,956168.09815,165,2018
Potrero Hill,2018-07,956565.1157,190,2018
Potrero Hill,2018-08,954333.74925,202,2018
Potrero Hill,2018-09,952544.497725,170,2018
Potrero Hill,2018-10,953570.67925,198,2018
Potrero Hill,2018-11,954624.912725,183,2018
Potrero Hill,2018-12,953398.0946,177,2018
Potrero Hill,2019-01,949514.3595,195,2019
Potrero Hill,2019-02,944091.272925,181,2019
Potrero Hill,2019-03,939360.29525,164,2019
Potrero Hill,2019-04,937874.6305,167,2019
Potrero Hill,2019-05,938774.673675,191,2019
Potrero Hill,2019-06,941655.507525,147,2019
Potrero Hill,2019-07,944365.661625,195,2019
Potrero Hill,2019-08,948386.070925,178,2019
Potrero Hill,2019-09,951401.799875,158,2019
Potrero Hill,2019-10,955055.5696,161,2019
Potrero Hill,2019-11,959424.361425,220,2019
Potrero Hill,2019-12,965422.909425,206,2019
Potrero Hill,2020-01,968799.7071,168,2020
Potrero Hill,2020-02,968521.06675,219,2020
Potrero Hill,2020-03,967149.849275,164,2020
Potrero Hill,2020-04,967228.917025,174,2020
Potrero Hill,2020-05,966459.4973,182,2020
Potrero Hill,2020-06,963029.36165,176,2020
Potrero Hill,2020-07,958605.49265,203,2020
Potrero Hill,2020-08,957796.560125,209,2020
Potrero Hill,2020-09,958330.59125,154,2020
Potrero Hill,2020-10,958920.440525,169,2020
Potrero Hill,2020-11,959306.51715,210,2020
Potrero Hill,2020-12,959585.463025,220,2020
Potrero Hill,2021-01,959400.577025,184,2021
Potrero Hill,2021-02,956111.903975,207,2021
Potrero Hill,2021-03,952855.415875,190,2021
Potrero Hill,2021-04,950372.597425,176,2021
Potrero Hill,2021-05,952959.070225,146,2021
Potrero Hill,2021-06,956849.925225,160,2021
Potrero Hill,2021-07,962357.47775,182,2021
Potrero Hill,2021-08,965941.890025,213,2021
Potrero Hill,2021-09,970703.3084,156,2021
Potrero Hill,2021-10,975523.251575,186,2021
Potrero Hill,2021-11,982946.019875,182,2021
Potrero Hill,2021-12,988132.00905,205,2021
Potrero Hill,2022-01,994203.560275,188,2022
Potrero Hill,2022-02,1001240.39125,137,2022
Potrero Hill,2022-03,1010050.040975,175,2022
Potrero Hill,2022-04,1017352.5808,173,2022
Potrero Hill,2022-05,1017668.3422,158,2022
Potrero Hill,2022-06,1011977.2894,171,2022
Potrero Hill,2022-07,1000735.131325,168,2022
Potrero Hill,2022-08,985748.150775,201,2022
Potrero Hill,2022-09,969021.75575,174,2022
Potrero Hill,2022-10,954096.118775,209,2022
Potrero Hill,2022-11,941559.458325,190,2022
Potrero Hill,2022-12,930526.158775,158,2022
Presidio,2018-01,1253494.98,24,2018
Presidio,2018-02,1261683.576,13,2018
Presidio,2018-03,1270947.282,28,2018
Presidio,2018-04,1283760.533,16,2018
Presidio,2018-05,1305832.488,17,2018
Presidio,2018-06,1330711.0444999998,39,2018
Presidio,2018-07,1348138.7655,24,2018
Presidio,2018-08,1346569.129,27,2018
Presidio,2018-09,1333553.622,20,2018
Presidio,2018-10,1318845.5720000002,16,2018
Presidio,2018-11,1313269.659,27,2018
Presidio,2018-12,1309144.229,30,2018
Presidio,2019-01,1319014.6115,28,2019
Presidio,2019-02,1324158.5195,47,2019
Presidio,2019-03,1334015.131,30,2019
Presidio,2019-04,1339917.722,25,2019
Presidio,2019-05,1347425.977,47,2019
Presidio,2019-06,1359237.2335,39,2019
Presidio,2019-07,1376373.312,32,2019
Presidio,2019-08,1392198.269,36,2019
Presidio,2019-09,1399003.222,35,2019
Presidio,2019-10,1393628.8199999998,30,2019
Presidio,2019-11,1392106.7255,20,2019
Presidio,2019-12,1398139.1579999998,37,2019
Presidio,2020-01,1413430.2245,42,2020
Presidio,2020-02,1434636.6115,17,2020
Presidio,2020-03,1462104.827,14,2020
Presidio,2020-04,1485780.7585,5,2020
Presidio,2020-05,1499429.4745,7,2020
Presidio,2020-06,1495795.1675,16,2020
Presidio,2020-07,1481844.67,22,2020
Presidio,2020-08,1458818.5720000002,26,2020
Presidio,2020-09,1437820.7615,16,2020
Presidio,2020-10,1414591.3675000002,20,2020
Presidio,2020-11,1375438.564,42,2020
Presidio,2020-12,1318947.41,25,2020
Presidio,2021-01,1264867.7615,25,2021
Presidio,2021-02,1234476.218,32,2021
Presidio,2021-03,1222906.602,31,2021
Presidio,2021-04,1210749.371,48,2021
Presidio,2021-05,1202745.5375,22,2021
Presidio,2021-06,1196988.458,28,2021
Presidio,2021-07,1207957.2680000002,26,2021
Presidio,2021-08,1229265.25,11,2021
Presidio,2021-09,1259127.216,6,2021
Presidio,2021-10,1285649.114,19,2021
Presidio,2021-11,1312925.6645,25,2021
Presidio,2021-12,1333352.159,18,2021
Presidio,2022-01,1343170.3624999998,10,2022
Presidio,2022-02,1340904.2000000002,9,2022
Presidio,2022-03,1339695.4945,9,2022
Presidio,2022-04,1338490.7489999998,11,2022
Presidio,2022-05,1337330.4215,7,2022
Presidio,2022-06,1333423.3805,16,2022
Presidio,2022-07,1318511.6245,17,2022
Presidio,2022-08,1295947.2495,18,2022
Presidio,2022-09,1260317.4995,29,2022
Presidio,2022-10,1230591.9255,6,2022
Presidio,2022-11,1203137.1968,9,2022
Presidio,2022-12,1231277.65715,18,2022
Presidio Heights,2018-01,3779557.089,68,2018
Presidio Heights,2018-02,3796242.933,62,2018
Presidio Heights,2018-03,3788262.426,54,2018
Presidio Heights,2018-04,3792546.481,52,2018
Presidio Heights,2018-05,3813766.413,84,2018
Presidio Heights,2018-06,3834509.568,49,2018
Presidio Heights,2018-07,3793172.759,88,2018
Presidio Heights,2018-08,3752793.595,71,2018
Presidio Heights,2018-09,3729810.574,79,2018
Presidio Heights,2018-10,3752006.199,67,2018
Presidio Heights,2018-11,3780696.192,78,2018
Presidio Heights,2018-12,3791217.743,79,2018
Presidio Heights,2019-01,3783111.324,60,2019
Presidio Heights,2019-02,3734037.737,56,2019
Presidio Heights,2019-03,3693811.096,60,2019
Presidio Heights,2019-04,3666398.077,60,2019
Presidio Heights,2019-05,3658214.449,59,2019
Presidio Heights,2019-06,3655447.548,58,2019
Presidio Heights,2019-07,3653233.437,70,2019
Presidio Heights,2019-08,3666629.114,80,2019
Presidio Heights,2019-09,3680914.4,79,2019
Presidio Heights,2019-10,3694370.857,79,2019
Presidio Heights,2019-11,3698889.165,79,2019
Presidio Heights,2019-12,3696972.791,80,2019
Presidio Heights,2020-01,3701881.937,75,2020
Presidio Heights,2020-02,3715833.741,55,2020
Presidio Heights,2020-03,3727873.145,79,2020
Presidio Heights,2020-04,3729309.782,69,2020
Presidio Heights,2020-05,3709458.69,82,2020
Presidio Heights,2020-06,3672456.452,84,2020
Presidio Heights,2020-07,3645891.529,80,2020
Presidio Heights,2020-08,3648533.78,79,2020
Presidio Heights,2020-09,3682034.985,72,2020
Presidio Heights,2020-10,3702069.463,74,2020
Presidio Heights,2020-11,3719160.135,78,2020
Presidio Heights,2020-12,3724135.396,91,2020
Presidio Heights,2021-01,3736921.371,77,2021
Presidio Heights,2021-02,3731616.017,72,2021
Presidio Heights,2021-03,3731657.69,66,2021
Presidio Heights,2021-04,3734834.183,63,2021
Presidio Heights,2021-05,3763524.208,68,2021
Presidio Heights,2021-06,3796535.526,59,2021
Presidio Heights,2021-07,3848456.729,59,2021
Presidio Heights,2021-08,3905386.422,67,2021
Presidio Heights,2021-09,3968558.156,88,2021
Presidio Heights,2021-10,4024715.089,61,2021
Presidio Heights,2021-11,4084662.322,83,2021
Presidio Heights,2021-12,4141071.463,61,2021
Presidio Heights,2022-01,4196599.957,51,2022
Presidio Heights,2022-02,4238075.929,49,2022
Presidio Heights,2022-03,4298927.581,66,2022
Presidio Heights,2022-04,4338605.315,71,2022
Presidio Heights,2022-05,4355107.09,59,2022
Presidio Heights,2022-06,4332085.588,71,2022
Presidio Heights,2022-07,4292251.837,61,2022
Presidio Heights,2022-08,4234078.262,46,2022
Presidio Heights,2022-09,4141225.303,78,2022
Presidio Heights,2022-10,4051150.332,61,2022
Presidio Heights,2022-11,3974511.506,53,2022
Presidio Heights,2022-12,3913837.521,95,2022
Russian Hill,2018-01,1610648.325,308,2018
Russian Hill,2018-02,1621427.417,247,2018
Russian Hill,2018-03,1630900.23,251,2018
Russian Hill,2018-04,1636248.7095,259,2018
Russian Hill,2018-05,1643512.3235,242,2018
Russian Hill,2018-06,1648521.4989999998,246,2018
Russian Hill,2018-07,1643527.8990000002,337,2018
Russian Hill,2018-08,1636567.543,391,2018
Russian Hill,2018-09,1631608.084,309,2018
Russian Hill,2018-10,1636400.211,299,2018
Russian Hill,2018-11,1641610.6655,286,2018
Russian Hill,2018-12,1642295.6485,327,2018
Russian Hill,2019-01,1638580.6625,324,2019
Russian Hill,2019-02,1625755.9874999998,221,2019
Russian Hill,2019-03,1613626.1995,231,2019
Russian Hill,2019-04,1606820.5444999998,191,2019
Russian Hill,2019-05,1607082.834,249,2019
Russian Hill,2019-06,1611686.8775,312,2019
Russian Hill,2019-07,1618706.4675,330,2019
Russian Hill,2019-08,1628174.0735,319,2019
Russian Hill,2019-09,1636889.065,236,2019
Russian Hill,2019-10,1644884.5655,286,2019
Russian Hill,2019-11,1650409.3080000002,194,2019
Russian Hill,2019-12,1654109.582,271,2019
Russian Hill,2020-01,1653816.8035,243,2020
Russian Hill,2020-02,1650890.164,185,2020
Russian Hill,2020-03,1647727.121,156,2020
Russian Hill,2020-04,1643314.1405000002,156,2020
Russian Hill,2020-05,1634984.8930000002,213,2020
Russian Hill,2020-06,1621058.571,196,2020
Russian Hill,2020-07,1609602.79,207,2020
Russian Hill,2020-08,1605935.06,273,2020
Russian Hill,2020-09,1607769.11,184,2020
Russian Hill,2020-10,1606247.2105,228,2020
Russian Hill,2020-11,1603595.8735000002,251,2020
Russian Hill,2020-12,1599682.889,229,2020
Russian Hill,2021-01,1598070.5765,256,2021
Russian Hill,2021-02,1593982.087,253,2021
Russian Hill,2021-03,1592539.1124999998,272,2021
Russian Hill,2021-04,1591276.868,240,2021
Russian Hill,2021-05,1598462.582,317,2021
Russian Hill,2021-06,1609405.1195,333,2021
Russian Hill,2021-07,1631625.7115,285,2021
Russian Hill,2021-08,1654723.5605,242,2021
Russian Hill,2021-09,1678082.0535,292,2021
Russian Hill,2021-10,1696671.021,371,2021
Russian Hill,2021-11,1718090.332,324,2021
Russian Hill,2021-12,1738158.4870000002,280,2021
Russian Hill,2022-01,1749020.6955,246,2022
Russian Hill,2022-02,1752940.4725,194,2022
Russian Hill,2022-03,1755127.265,295,2022
Russian Hill,2022-04,1758857.066,221,2022
Russian Hill,2022-05,1754877.5265000002,193,2022
Russian Hill,2022-06,1738240.623,251,2022
Russian Hill,2022-07,1711308.5325000002,249,2022
Russian Hill,2022-08,1675132.5485,258,2022
Russian Hill,2022-09,1635547.2505,312,2022
Russian Hill,2022-10,1601608.6515,281,2022
Russian Hill,2022-11,1576236.6355,284,2022
Russian Hill,2022-12,1555414.591,320,2022
Seacliff,2018-01,3364246.557,12,2018
Seacliff,2018-02,3368682.511,9,2018
Seacliff,2018-03,3358730.537,15,2018
Seacliff,2018-04,3350540.409,7,2018
Seacliff,2018-05,3359835.578,13,2018
Seacliff,2018-06,3374413.198,15,2018
Seacliff,2018-07,3366654.954,16,2018
Seacliff,2018-08,3363327.657,22,2018
Seacliff,2018-09,3363992.08,7,2018
Seacliff,2018-10,3384948.787,19,2018
Seacliff,2018-11,3400268.158,7,2018
Seacliff,2018-12,3400033.603,10,2018
Seacliff,2019-01,3383756.924,15,2019
Seacliff,2019-02,3339991.901,12,2019
Seacliff,2019-03,3297456.089,22,2019
Seacliff,2019-04,3273230.408,15,2019
Seacliff,2019-05,3271044.881,15,2019
Seacliff,2019-06,3279594.879,10,2019
Seacliff,2019-07,3283280.089,8,2019
Seacliff,2019-08,3295255.496,24,2019
Seacliff,2019-09,3311206.193,11,2019
Seacliff,2019-10,3326378.713,10,2019
Seacliff,2019-11,3343799.496,12,2019
Seacliff,2019-12,3361234.751,13,2019
Seacliff,2020-01,3380926.211,13,2020
Seacliff,2020-02,3392602.347,9,2020
Seacliff,2020-03,3401906.249,16,2020
Seacliff,2020-04,3406375.838,5,2020
Seacliff,2020-05,3391453.433,18,2020
Seacliff,2020-06,3354884.045,19,2020
Seacliff,2020-07,3331571.905,9,2020
Seacliff,2020-08,3336361.246,25,2020
Seacliff,2020-09,3367428.226,15,2020
Seacliff,2020-10,3383783.369,16,2020
Seacliff,2020-11,3404968.279,11,2020
Seacliff,2020-12,3424139.194,22,2020
Seacliff,2021-01,3444931.244,9,2021
Seacliff,2021-02,3454198.311,18,2021
Seacliff,2021-03,3468481.0,12,2021
Seacliff,2021-04,3489431.462,20,2021
Seacliff,2021-05,3524600.206,27,2021
Seacliff,2021-06,3567440.961,27,2021
Seacliff,2021-07,3634909.818,19,2021
Seacliff,2021-08,3694724.247,27,2021
Seacliff,2021-09,3745905.558,31,2021
Seacliff,2021-10,3782443.587,20,2021
Seacliff,2021-11,3816958.997,15,2021
Seacliff,2021-12,3840242.204,19,2021
Seacliff,2022-01,3870093.993,17,2022
Seacliff,2022-02,3921648.55,18,2022
Seacliff,2022-03,4004802.927,11,2022
Seacliff,2022-04,4058957.988,11,2022
Seacliff,2022-05,4088385.893,30,2022
Seacliff,2022-06,4075396.212,23,2022
Seacliff,2022-07,4035892.217,17,2022
Seacliff,2022-08,3959937.797,10,2022
Seacliff,2022-09,3865012.278,18,2022
Seacliff,2022-10,3780244.161,17,2022
Seacliff,2022-11,3713179.362,18,2022
Seacliff,2022-12,3663083.98,10,2022
South of Market,2018-01,965858.9984,1111,2018
South of Market,2018-02,968737.6433,1010,2018
South of Market,2018-03,971671.5147,1151,2018
South of Market,2018-04,972951.4017,1047,2018
South of Market,2018-05,976384.2121,1072,2018
South of Market,2018-06,979788.7369,1125,2018
South of Market,2018-07,980952.431,1162,2018
South of Market,2018-08,979664.8161,1096,2018
South of Market,2018-09,979769.0166,1021,2018
South of Market,2018-10,981752.1707,1112,2018
South of Market,2018-11,984115.6933,1001,2018
South of Market,2018-12,984666.4102,976,2018
South of Market,2019-01,982401.2088,956,2019
South of Market,2019-02,977167.3615,915,2019
South of Market,2019-03,971507.6665,976,2019
South of Market,2019-04,968714.5009,1016,2019
South of Market,2019-05,968861.865,1023,2019
South of Market,2019-06,970867.7083,935,2019
South of Market,2019-07,974315.9235,1069,2019
South of Market,2019-08,978696.3623,1077,2019
South of Market,2019-09,982485.0948,965,2019
South of Market,2019-10,986448.0902,958,2019
South of Market,2019-11,990747.5024,993,2019
South of Market,2019-12,996190.9752,917,2019
South of Market,2020-01,997055.3089,980,2020
South of Market,2020-02,994121.4051,907,2020
South of Market,2020-03,987485.8565,757,2020
South of Market,2020-04,981913.0703,570,2020
South of Market,2020-05,976281.2731,712,2020
South of Market,2020-06,970437.3265,711,2020
South of Market,2020-07,966160.2537,749,2020
South of Market,2020-08,964409.2489,683,2020
South of Market,2020-09,964476.159,646,2020
South of Market,2020-10,964391.2787,666,2020
South of Market,2020-11,964585.5681,703,2020
South of Market,2020-12,963553.9661,720,2020
South of Market,2021-01,961453.3868,692,2021
South of Market,2021-02,956816.4675,574,2021
South of Market,2021-03,951773.8322,640,2021
South of Market,2021-04,946567.0067,679,2021
South of Market,2021-05,944969.8728,618,2021
South of Market,2021-06,944437.4495,705,2021
South of Market,2021-07,945896.6912,744,2021
South of Market,2021-08,945278.0449,799,2021
South of Market,2021-09,945211.568,830,2021
South of Market,2021-10,946622.9729,779,2021
South of Market,2021-11,952469.0556,930,2021
South of Market,2021-12,959637.4141,737,2021
South of Market,2022-01,965407.9068,743,2022
South of Market,2022-02,968969.218,710,2022
South of Market,2022-03,972799.7494,842,2022
South of Market,2022-04,974792.5978,819,2022
South of Market,2022-05,973046.8374,784,2022
South of Market,2022-06,965419.0553,849,2022
South of Market,2022-07,953810.3174,943,2022
South of Market,2022-08,937965.1017,961,2022
South of Market,2022-09,919909.4416,963,2022
South of Market,2022-10,902213.1147,906,2022
South of Market,2022-11,887619.7034,808,2022
South of Market,2022-12,875124.7639,832,2022
Tenderloin,2018-01,871116.7852333332,1301,2018
Tenderloin,2018-02,874108.2149,1229,2018
Tenderloin,2018-03,878725.4634666666,1304,2018
Tenderloin,2018-04,882622.7648666665,1234,2018
Tenderloin,2018-05,886625.6046666667,1339,2018
Tenderloin,2018-06,888539.1893000001,1146,2018
Tenderloin,2018-07,887199.7751666667,1252,2018
Tenderloin,2018-08,884790.0936666667,1277,2018
Tenderloin,2018-09,884908.4128,1160,2018
Tenderloin,2018-10,887134.864,1318,2018
Tenderloin,2018-11,889199.7704000002,1192,2018
Tenderloin,2018-12,888232.9568666667,1224,2018
Tenderloin,2019-01,884260.6418333333,1273,2019
Tenderloin,2019-02,876525.4332666667,1118,2019
Tenderloin,2019-03,867769.6276666666,1211,2019
Tenderloin,2019-04,862458.6878000001,1240,2019
Tenderloin,2019-05,861111.7801666666,1349,2019
Tenderloin,2019-06,862700.8084666667,1315,2019
Tenderloin,2019-07,866546.2222333333,1262,2019
Tenderloin,2019-08,871732.0435,1365,2019
Tenderloin,2019-09,876787.8134333333,1233,2019
Tenderloin,2019-10,881659.4519333333,1111,2019
Tenderloin,2019-11,885777.4339,1031,2019
Tenderloin,2019-12,889742.1917,1084,2019
Tenderloin,2020-01,889308.1612999999,1150,2020
Tenderloin,2020-02,884199.1346999999,1161,2020
Tenderloin,2020-03,876319.7978333334,937,2020
Tenderloin,2020-04,869353.0987666667,761,2020
Tenderloin,2020-05,863613.9847666668,963,2020
Tenderloin,2020-06,858053.6333333334,959,2020
Tenderloin,2020-07,854169.0005666666,920,2020
Tenderloin,2020-08,854172.9264666666,907,2020
Tenderloin,2020-09,856387.4206666667,956,2020
Tenderloin,2020-10,857326.0767666666,990,2020
Tenderloin,2020-11,856254.8489333332,851,2020
Tenderloin,2020-12,853213.7367666666,971,2020
Tenderloin,2021-01,849913.7995000001,983,2021
Tenderloin,2021-02,844543.3976000001,898,2021
Tenderloin,2021-03,839622.3362666667,785,2021
Tenderloin,2021-04,834117.0059666667,946,2021
Tenderloin,2021-05,832998.4715,827,2021
Tenderloin,2021-06,833707.3725666666,904,2021
Tenderloin,2021-07,838665.9483333332,1017,2021
Tenderloin,2021-08,842648.1652333332,992,2021
Tenderloin,2021-09,846338.8603666667,964,2021
Tenderloin,2021-10,850230.2429666667,1055,2021
Tenderloin,2021-11,857890.0454666667,881,2021
Tenderloin,2021-12,864922.0636333333,1065,2021
Tenderloin,2022-01,867917.4948666667,1074,2022
Tenderloin,2022-02,867373.1286999999,839,2022
Tenderloin,2022-03,866555.2872666667,1092,2022
Tenderloin,2022-04,865856.1378,1006,2022
Tenderloin,2022-05,861775.5849666666,1043,2022
Tenderloin,2022-06,853948.8536666665,1242,2022
Tenderloin,2022-07,841982.1703666666,1509,2022
Tenderloin,2022-08,828726.9749666667,1330,2022
Tenderloin,2022-09,814474.9798333334,1305,2022
Tenderloin,2022-10,802369.3042333332,1128,2022
Tenderloin,2022-11,791374.8341666666,1079,2022
Tenderloin,2022-12,781749.0432666666,1056,2022
Twin Peaks,2018-01,1462009.8598,48,2018
Twin Peaks,2018-02,1472352.7759,18,2018
Twin Peaks,2018-03,1481661.471625,38,2018
Twin Peaks,2018-04,1489482.79735,36,2018
Twin Peaks,2018-05,1502324.2227500002,45,2018
Twin Peaks,2018-06,1513976.3988,39,2018
Twin Peaks,2018-07,1516373.422825,40,2018
Twin Peaks,2018-08,1513236.1498250002,65,2018
Twin Peaks,2018-09,1509882.257275,38,2018
Twin Peaks,2018-10,1510172.6474,64,2018
Twin Peaks,2018-11,1508967.236075,70,2018
Twin Peaks,2018-12,1503946.319425,98,2018
Twin Peaks,2019-01,1497133.504075,66,2019
Twin Peaks,2019-02,1412400.98122,56,2019
Twin Peaks,2019-03,1406157.26556,42,2019
Twin Peaks,2019-04,1405317.42822,47,2019
Twin Peaks,2019-05,1407651.1549,51,2019
Twin Peaks,2019-06,1413912.38798,61,2019
Twin Peaks,2019-07,1421300.5394,51,2019
Twin Peaks,2019-08,1431125.15572,84,2019
Twin Peaks,2019-09,1438981.81824,97,2019
Twin Peaks,2019-10,1444847.50666,127,2019
Twin Peaks,2019-11,1450160.47608,62,2019
Twin Peaks,2019-12,1455361.8384,83,2019
Twin Peaks,2020-01,1459908.8342799998,90,2020
Twin Peaks,2020-02,1462334.1302,43,2020
Twin Peaks,2020-03,1466879.2767,59,2020
Twin Peaks,2020-04,1470225.61454,37,2020
Twin Peaks,2020-05,1468859.0035,60,2020
Twin Peaks,2020-06,1459337.48806,64,2020
Twin Peaks,2020-07,1452180.4161800002,52,2020
Twin Peaks,2020-08,1454150.20622,38,2020
Twin Peaks,2020-09,1462963.00734,67,2020
Twin Peaks,2020-10,1470258.5244,43,2020
Twin Peaks,2020-11,1475627.9492,60,2020
Twin Peaks,2020-12,1479188.0342,55,2020
Twin Peaks,2021-01,1479525.4902,82,2021
Twin Peaks,2021-02,1476599.5366,45,2021
Twin Peaks,2021-03,1476042.8424,31,2021
Twin Peaks,2021-04,1481874.2552,27,2021
Twin Peaks,2021-05,1496102.2354,54,2021
Twin Peaks,2021-06,1513770.5752,29,2021
Twin Peaks,2021-07,1531625.8702,39,2021
Twin Peaks,2021-08,1542857.7382,43,2021
Twin Peaks,2021-09,1549752.3906,53,2021
Twin Peaks,2021-10,1556672.3539999998,49,2021
Twin Peaks,2021-11,1569312.2114,81,2021
Twin Peaks,2021-12,1582804.1026,64,2021
Twin Peaks,2022-01,1595357.6656,76,2022
Twin Peaks,2022-02,1608881.5122,34,2022
Twin Peaks,2022-03,1625837.059,41,2022
Twin Peaks,2022-04,1638915.793,56,2022
Twin Peaks,2022-05,1643302.935,55,2022
Twin Peaks,2022-06,1634050.9022,45,2022
Twin Peaks,2022-07,1613893.1438000002,68,2022
Twin Peaks,2022-08,1582651.092,68,2022
Twin Peaks,2022-09,1545747.135,75,2022
Twin Peaks,2022-10,1514586.3124,48,2022
Twin Peaks,2022-11,1490809.9014,87,2022
Twin Peaks,2022-12,1472301.14284,43,2022
Visitacion Valley,2018-01,805443.174,142,2018
Visitacion Valley,2018-02,811325.6591,145,2018
Visitacion Valley,2018-03,816348.22955,155,2018
Visitacion Valley,2018-04,819598.8857,151,2018
Visitacion Valley,2018-05,826377.1301,170,2018
Visitacion Valley,2018-06,833043.949,118,2018
Visitacion Valley,2018-07,836581.50275,127,2018
Visitacion Valley,2018-08,836464.72155,125,2018
Visitacion Valley,2018-09,835124.1725,137,2018
Visitacion Valley,2018-10,835975.3759999999,153,2018
Visitacion Valley,2018-11,836317.0304,145,2018
Visitacion Valley,2018-12,835801.69135,117,2018
Visitacion Valley,2019-01,833853.129,139,2019
Visitacion Valley,2019-02,832183.0124,121,2019
Visitacion Valley,2019-03,830581.09305,144,2019
Visitacion Valley,2019-04,831486.53255,122,2019
Visitacion Valley,2019-05,833049.76645,134,2019
Visitacion Valley,2019-06,836929.4611500001,119,2019
Visitacion Valley,2019-07,841325.9856499999,83,2019
Visitacion Valley,2019-08,846046.2186499999,136,2019
Visitacion Valley,2019-09,850444.6148999999,115,2019
Visitacion Valley,2019-10,854233.4683000001,131,2019
Visitacion Valley,2019-11,859473.3701,85,2019
Visitacion Valley,2019-12,864931.9238,122,2019
Visitacion Valley,2020-01,871020.77975,141,2020
Visitacion Valley,2020-02,877524.9466,100,2020
Visitacion Valley,2020-03,884803.0226499999,122,2020
Visitacion Valley,2020-04,890537.42195,93,2020
Visitacion Valley,2020-05,891685.52975,142,2020
Visitacion Valley,2020-06,887326.3376,103,2020
Visitacion Valley,2020-07,883494.24385,108,2020
Visitacion Valley,2020-08,885588.1099,130,2020
Visitacion Valley,2020-09,892075.67675,113,2020
Visitacion Valley,2020-10,897263.4343,143,2020
Visitacion Valley,2020-11,899513.84195,110,2020
Visitacion Valley,2020-12,898834.05585,131,2020
Visitacion Valley,2021-01,897516.39475,122,2021
Visitacion Valley,2021-02,895903.3542500001,119,2021
Visitacion Valley,2021-03,897101.07725,104,2021
Visitacion Valley,2021-04,902083.15695,96,2021
Visitacion Valley,2021-05,909712.43395,104,2021
Visitacion Valley,2021-06,918994.9619,94,2021
Visitacion Valley,2021-07,927951.1272,116,2021
Visitacion Valley,2021-08,932539.49145,108,2021
Visitacion Valley,2021-09,933444.5665,108,2021
Visitacion Valley,2021-10,932909.6144,92,2021
Visitacion Valley,2021-11,935716.211,105,2021
Visitacion Valley,2021-12,937706.1641,110,2021
Visitacion Valley,2022-01,942679.5964,88,2022
Visitacion Valley,2022-02,951639.57805,72,2022
Visitacion Valley,2022-03,966091.69695,89,2022
Visitacion Valley,2022-04,978141.0758,112,2022
Visitacion Valley,2022-05,984883.33115,96,2022
Visitacion Valley,2022-06,984789.4232,100,2022
Visitacion Valley,2022-07,978784.6471,100,2022
Visitacion Valley,2022-08,967175.37295,125,2022
Visitacion Valley,2022-09,951860.0547,129,2022
Visitacion Valley,2022-10,936885.8842,136,2022
Visitacion Valley,2022-11,923277.10345,123,2022
Visitacion Valley,2022-12,911100.95935,123,2022
West of Twin Peaks,2018-01,1803450.7135833327,258,2018
West of Twin Peaks,2018-02,1820808.1544166664,217,2018
West of Twin Peaks,2018-03,1835731.528583333,219,2018
West of Twin Peaks,2018-04,1847864.2190833327,280,2018
West of Twin Peaks,2018-05,1863418.2008333327,216,2018
West of Twin Peaks,2018-06,1876583.12875,210,2018
West of Twin Peaks,2018-07,1877363.8404166668,252,2018
West of Twin Peaks,2018-08,1873831.941666667,204,2018
West of Twin Peaks,2018-09,1868742.24625,249,2018
West of Twin Peaks,2018-10,1869488.02075,250,2018
West of Twin Peaks,2018-11,1865935.2979166664,201,2018
West of Twin Peaks,2018-12,1857389.9424166668,218,2018
West of Twin Peaks,2019-01,1847480.8639166665,232,2019
West of Twin Peaks,2019-02,1834459.25125,189,2019
West of Twin Peaks,2019-03,1825376.56525,248,2019
West of Twin Peaks,2019-04,1822622.166333333,219,2019
West of Twin Peaks,2019-05,1823670.3570833327,293,2019
West of Twin Peaks,2019-06,1828570.5091666663,215,2019
West of Twin Peaks,2019-07,1834241.704,209,2019
West of Twin Peaks,2019-08,1843733.4459166664,246,2019
West of Twin Peaks,2019-09,1853513.9755,227,2019
West of Twin Peaks,2019-10,1861641.9334166667,285,2019
West of Twin Peaks,2019-11,1868626.1000833327,239,2019
West of Twin Peaks,2019-12,1873795.5551666664,247,2019
West of Twin Peaks,2020-01,1880770.3465,252,2020
West of Twin Peaks,2020-02,1889131.1441666668,253,2020
West of Twin Peaks,2020-03,1902873.6695833327,220,2020
West of Twin Peaks,2020-04,1911691.351,148,2020
West of Twin Peaks,2020-05,1910864.11625,213,2020
West of Twin Peaks,2020-06,1893443.4355,165,2020
West of Twin Peaks,2020-07,1878673.1891666667,212,2020
West of Twin Peaks,2020-08,1877583.6729166664,161,2020
West of Twin Peaks,2020-09,1889589.784083333,151,2020
West of Twin Peaks,2020-10,1897961.70225,192,2020
West of Twin Peaks,2020-11,1901416.563833333,216,2020
West of Twin Peaks,2020-12,1901540.2791666668,238,2020
West of Twin Peaks,2021-01,1900808.0421666668,190,2021
West of Twin Peaks,2021-02,1900676.8889166664,214,2021
West of Twin Peaks,2021-03,1905426.6274166664,189,2021
West of Twin Peaks,2021-04,1920121.2994166664,141,2021
West of Twin Peaks,2021-05,1943672.281,201,2021
West of Twin Peaks,2021-06,1973422.3970833328,238,2021
West of Twin Peaks,2021-07,2000349.6273333333,241,2021
West of Twin Peaks,2021-08,2015379.0859166663,191,2021
West of Twin Peaks,2021-09,2018551.59975,204,2021
West of Twin Peaks,2021-10,2022451.940583333,211,2021
West of Twin Peaks,2021-11,2034838.5749166664,185,2021
West of Twin Peaks,2021-12,2050301.2095,253,2021
West of Twin Peaks,2022-01,2065683.213333333,189,2022
West of Twin Peaks,2022-02,2082424.0144166667,207,2022
West of Twin Peaks,2022-03,2104880.208083333,238,2022
West of Twin Peaks,2022-04,2122348.074583333,216,2022
West of Twin Peaks,2022-05,2130179.4363333336,201,2022
West of Twin Peaks,2022-06,2123068.19975,209,2022
West of Twin Peaks,2022-07,2103897.819333333,228,2022
West of Twin Peaks,2022-08,2073643.647666667,207,2022
West of Twin Peaks,2022-09,2036500.1601666664,208,2022
West of Twin Peaks,2022-10,2006568.579833333,227,2022
West of Twin Peaks,2022-11,1982816.18325,226,2022
West of Twin Peaks,2022-12,1963557.4168333327,178,2022
Western Addition,2018-01,1028972.4191,445,2018
Western Addition,2018-02,1034937.99715,348,2018
Western Addition,2018-03,1040905.207725,387,2018
Western Addition,2018-04,1046103.668425,326,2018
Western Addition,2018-05,1054609.332425,355,2018
Western Addition,2018-06,1060691.618675,361,2018
Western Addition,2018-07,1062771.8425,378,2018
Western Addition,2018-08,1062089.09455,421,2018
Western Addition,2018-09,1063440.7751,392,2018
Western Addition,2018-10,1067410.815775,423,2018
Western Addition,2018-11,1072801.09505,324,2018
Western Addition,2018-12,1074763.4177,341,2018
Western Addition,2019-01,1073017.9187,401,2019
Western Addition,2019-02,1065011.532875,297,2019
Western Addition,2019-03,1055879.494325,390,2019
Western Addition,2019-04,1051147.7511,377,2019
Western Addition,2019-05,1051272.735775,367,2019
Western Addition,2019-06,1056699.366675,443,2019
Western Addition,2019-07,1064579.9074499998,379,2019
Western Addition,2019-08,1074066.198075,452,2019
Western Addition,2019-09,1082229.5741,470,2019
Western Addition,2019-10,1089173.81355,405,2019
Western Addition,2019-11,1094468.1959,391,2019
Western Addition,2019-12,1099356.64805,426,2019
Western Addition,2020-01,1101977.566675,425,2020
Western Addition,2020-02,1102610.78255,438,2020
Western Addition,2020-03,1102326.533775,305,2020
Western Addition,2020-04,1101981.6479250002,263,2020
Western Addition,2020-05,1099356.876775,294,2020
Western Addition,2020-06,1093367.1101,318,2020
Western Addition,2020-07,1086888.408075,331,2020
Western Addition,2020-08,1083126.0701,310,2020
Western Addition,2020-09,1081850.98745,277,2020
Western Addition,2020-10,1081734.1797,243,2020
Western Addition,2020-11,1082847.809675,231,2020
Western Addition,2020-12,1083949.17595,280,2020
Western Addition,2021-01,1084294.610625,320,2021
Western Addition,2021-02,1080712.97185,206,2021
Western Addition,2021-03,1077682.21765,287,2021
Western Addition,2021-04,1074933.4763,271,2021
Western Addition,2021-05,1078262.11235,307,2021
Western Addition,2021-06,1082365.888425,302,2021
Western Addition,2021-07,1090913.374225,319,2021
Western Addition,2021-08,1100798.460325,270,2021
Western Addition,2021-09,1111494.90095,334,2021
Western Addition,2021-10,1120801.944125,348,2021
Western Addition,2021-11,1132210.976,335,2021
Western Addition,2021-12,1143986.03535,283,2021
Western Addition,2022-01,1150710.45435,312,2022
Western Addition,2022-02,1151220.72375,339,2022
Western Addition,2022-03,1150628.922375,353,2022
Western Addition,2022-04,1152581.64765,386,2022
Western Addition,2022-05,1151514.781725,351,2022
Western Addition,2022-06,1143241.20445,321,2022
Western Addition,2022-07,1126703.287875,321,2022
Western Addition,2022-08,1105755.822775,358,2022
Western Addition,2022-09,1082914.498625,376,2022
Western Addition,2022-10,1064080.12945,378,2022
Western Addition,2022-11,1049605.392575,359,2022
Western Addition,2022-12,1037987.8981,317,2022
