Neighborhood,Date,Price
Bayview Hunters Point,2018-01,831369.3810833334
Bayview Hunters Point,2018-02,836834.2487166667
Bayview Hunters Point,2018-03,842389.7830166668
Bayview Hunters Point,2018-04,846786.6948666667
Bayview Hunters Point,2018-05,854780.9713666666
Bayview Hunters Point,2018-06,863505.6359999999
Bayview Hunters Point,2018-07,870626.2723833333
Bayview Hunters Point,2018-08,873806.1160666667
Bayview Hunters Point,2018-09,875630.37445
Bayview Hunters Point,2018-10,878203.1079166667
Bayview Hunters Point,2018-11,880549.95265
Bayview Hunters Point,2018-12,880888.3569666668
Bayview Hunters Point,2019-01,879147.5966500001
Bayview Hunters Point,2019-02,875529.7272
Bayview Hunters Point,2019-03,872470.3482333333
Bayview Hunters Point,2019-04,871027.9692166667
Bayview Hunters Point,2019-05,871641.9142
Bayview Hunters Point,2019-06,875291.7455166667
Bayview Hunters Point,2019-07,881238.63495
Bayview Hunters Point,2019-08,887666.3813666668
Bayview Hunters Point,2019-09,892968.8515833333
Bayview Hunters Point,2019-10,896654.4511666667
Bayview Hunters Point,2019-11,900971.03135
Bayview Hunters Point,2019-12,905184.52365
Bayview Hunters Point,2020-01,909836.4264833336
Bayview Hunters Point,2020-02,913673.8468666668
Bayview Hunters Point,2020-03,917614.1756
Bayview Hunters Point,2020-04,918924.6486333334
Bayview Hunters Point,2020-05,916413.2266833334
Bayview Hunters Point,2020-06,908900.24295
Bayview Hunters Point,2020-07,902844.3019666668
Bayview Hunters Point,2020-08,901989.03415
Bayview Hunters Point,2020-09,905329.3710166666
Bayview Hunters Point,2020-10,907321.2015666668
Bayview Hunters Point,2020-11,907261.6243
Bayview Hunters Point,2020-12,904752.6511166668
Bayview Hunters Point,2021-01,902353.9741833332
Bayview Hunters Point,2021-02,899642.0465833334
Bayview Hunters Point,2021-03,899487.1420333333
Bayview Hunters Point,2021-04,902680.5875333332
Bayview Hunters Point,2021-05,909373.5743
Bayview Hunters Point,2021-06,917605.2421666668
Bayview Hunters Point,2021-07,925767.3608333332
Bayview Hunters Point,2021-08,930153.66885
Bayview Hunters Point,2021-09,931747.2066
Bayview Hunters Point,2021-10,932344.9364833334
Bayview Hunters Point,2021-11,934875.54
Bayview Hunters Point,2021-12,936598.7912
Bayview Hunters Point,2022-01,936812.0403
Bayview Hunters Point,2022-02,938270.0482333334
Bayview Hunters Point,2022-03,942821.566
Bayview Hunters Point,2022-04,946580.8859833332
Bayview Hunters Point,2022-05,947045.5302666668
Bayview Hunters Point,2022-06,942304.3578
Bayview Hunters Point,2022-07,933254.0111833332
Bayview Hunters Point,2022-08,919723.6094
Bayview Hunters Point,2022-09,903077.4787166668
Bayview Hunters Point,2022-10,887773.05485
Bayview Hunters Point,2022-11,873668.90085
Bayview Hunters Point,2022-12,860694.5101833333
Bernal Heights,2018-01,1375102.57325
Bernal Heights,2018-02,1387179.9815
Bernal Heights,2018-03,1399211.8565
Bernal Heights,2018-04,1408955.45375
Bernal Heights,2018-05,1423617.59225
Bernal Heights,2018-06,1435917.747
Bernal Heights,2018-07,1438417.25325
Bernal Heights,2018-08,1434586.0505
Bernal Heights,2018-09,1430127.46025
Bernal Heights,2018-10,1431057.097
Bernal Heights,2018-11,1430993.72975
Bernal Heights,2018-12,1427391.56125
Bernal Heights,2019-01,1421047.696
Bernal Heights,2019-02,1409958.03425
Bernal Heights,2019-03,1397900.3615
Bernal Heights,2019-04,1389583.70725
Bernal Heights,2019-05,1385879.27775
Bernal Heights,2019-06,1390210.06875
Bernal Heights,2019-07,1398301.30175
Bernal Heights,2019-08,1410364.923
Bernal Heights,2019-09,1418958.37
Bernal Heights,2019-10,1423416.032
Bernal Heights,2019-11,1426953.442
Bernal Heights,2019-12,1430826.673
Bernal Heights,2020-01,1438430.5325
Bernal Heights,2020-02,1445025.02775
Bernal Heights,2020-03,1453784.62225
Bernal Heights,2020-04,1458993.11625
Bernal Heights,2020-05,1456206.0295
Bernal Heights,2020-06,1443259.28725
Bernal Heights,2020-07,1433388.44925
Bernal Heights,2020-08,1435363.18025
Bernal Heights,2020-09,1445602.45725
Bernal Heights,2020-10,1451674.5465
Bernal Heights,2020-11,1451348.12625
Bernal Heights,2020-12,1447733.86575
Bernal Heights,2021-01,1442363.38125
Bernal Heights,2021-02,1437560.8495
Bernal Heights,2021-03,1436487.2615
Bernal Heights,2021-04,1440748.632
Bernal Heights,2021-05,1451094.08975
Bernal Heights,2021-06,1461959.15675
Bernal Heights,2021-07,1478594.271
Bernal Heights,2021-08,1490933.8675
Bernal Heights,2021-09,1501491.23175
Bernal Heights,2021-10,1506726.17725
Bernal Heights,2021-11,1514357.29425
Bernal Heights,2021-12,1519725.8095
Bernal Heights,2022-01,1524719.6885
Bernal Heights,2022-02,1532717.62175
Bernal Heights,2022-03,1544773.3960000002
Bernal Heights,2022-04,1551734.9585
Bernal Heights,2022-05,1550537.70025
Bernal Heights,2022-06,1539318.26125
Bernal Heights,2022-07,1519911.029
Bernal Heights,2022-08,1491201.4045000002
Bernal Heights,2022-09,1456723.055
Bernal Heights,2022-10,1427157.35675
Bernal Heights,2022-11,1402187.79175
Bernal Heights,2022-12,1380843.07875
Castro /Upper Market,2018-01,1654890.435
Castro /Upper Market,2018-02,1665721.675
Castro /Upper Market,2018-03,1674728.86375
Castro /Upper Market,2018-04,1682072.87475
Castro /Upper Market,2018-05,1695478.68925
Castro /Upper Market,2018-06,1710666.63875
Castro /Upper Market,2018-07,1713891.20325
Castro /Upper Market,2018-08,1710232.599
Castro /Upper Market,2018-09,1704266.0045
Castro /Upper Market,2018-10,1704677.68025
Castro /Upper Market,2018-11,1706552.19475
Castro /Upper Market,2018-12,1703247.3735
Castro /Upper Market,2019-01,1697859.81125
Castro /Upper Market,2019-02,1687409.88725
Castro /Upper Market,2019-03,1679552.91275
Castro /Upper Market,2019-04,1677674.6845
Castro /Upper Market,2019-05,1680832.801
Castro /Upper Market,2019-06,1687424.8475
Castro /Upper Market,2019-07,1695148.4015000002
Castro /Upper Market,2019-08,1704838.8915
Castro /Upper Market,2019-09,1713164.3445
Castro /Upper Market,2019-10,1720990.08575
Castro /Upper Market,2019-11,1729432.47725
Castro /Upper Market,2019-12,1739488.33425
Castro /Upper Market,2020-01,1747554.7285
Castro /Upper Market,2020-02,1751427.4855
Castro /Upper Market,2020-03,1756487.726
Castro /Upper Market,2020-04,1758655.85075
Castro /Upper Market,2020-05,1752438.448
Castro /Upper Market,2020-06,1735415.9975
Castro /Upper Market,2020-07,1720216.33675
Castro /Upper Market,2020-08,1717642.4205
Castro /Upper Market,2020-09,1722071.27275
Castro /Upper Market,2020-10,1725049.85175
Castro /Upper Market,2020-11,1723654.30125
Castro /Upper Market,2020-12,1717481.11125
Castro /Upper Market,2021-01,1707563.427
Castro /Upper Market,2021-02,1694438.53325
Castro /Upper Market,2021-03,1686475.53375
Castro /Upper Market,2021-04,1686265.1055
Castro /Upper Market,2021-05,1697290.44475
Castro /Upper Market,2021-06,1712061.05225
Castro /Upper Market,2021-07,1732525.21625
Castro /Upper Market,2021-08,1749678.64375
Castro /Upper Market,2021-09,1764089.0285
Castro /Upper Market,2021-10,1773272.38575
Castro /Upper Market,2021-11,1788032.19325
Castro /Upper Market,2021-12,1803847.70225
Castro /Upper Market,2022-01,1816264.965
Castro /Upper Market,2022-02,1826407.77575
Castro /Upper Market,2022-03,1838399.06325
Castro /Upper Market,2022-04,1850473.24225
Castro /Upper Market,2022-05,1854108.43825
Castro /Upper Market,2022-06,1843518.067
Castro /Upper Market,2022-07,1820629.53825
Castro /Upper Market,2022-08,1782846.42475
Castro /Upper Market,2022-09,1739188.3355
Castro /Upper Market,2022-10,1698651.3905
Castro /Upper Market,2022-11,1666802.19475
Castro /Upper Market,2022-12,1638838.163
Chinatown ,2018-01,932036.129
Chinatown ,2018-02,937164.6564
Chinatown ,2018-03,942286.4966
Chinatown ,2018-04,947512.5049
Chinatown ,2018-05,956943.7055
Chinatown ,2018-06,965682.3483
Chinatown ,2018-07,970244.8402
Chinatown ,2018-08,970394.2679
Chinatown ,2018-09,968053.5821
Chinatown ,2018-10,968261.8848
Chinatown ,2018-11,969143.8127
Chinatown ,2018-12,969041.0546
Chinatown ,2019-01,967412.0521
Chinatown ,2019-02,962405.3218
Chinatown ,2019-03,961569.0873
Chinatown ,2019-04,963033.2232
Chinatown ,2019-05,970328.04
Chinatown ,2019-06,977335.0897
Chinatown ,2019-07,986330.2037
Chinatown ,2019-08,993141.4247
Chinatown ,2019-09,996417.758
Chinatown ,2019-10,997902.5948
Chinatown ,2019-11,998062.1979
Chinatown ,2019-12,999894.4897
Chinatown ,2020-01,998630.8503
Chinatown ,2020-02,994559.9729
Chinatown ,2020-03,991122.2506
Chinatown ,2020-04,989538.9208
Chinatown ,2020-05,989384.4514
Chinatown ,2020-06,986466.1471
Chinatown ,2020-07,984401.8249
Chinatown ,2020-08,986127.332
Chinatown ,2020-09,992270.7162
Chinatown ,2020-10,997112.9394
Chinatown ,2020-11,1000219.25
Chinatown ,2020-12,1000438.676
Chinatown ,2021-01,998318.9737
Chinatown ,2021-02,993319.525
Chinatown ,2021-03,986947.5547
Chinatown ,2021-04,982314.5354
Chinatown ,2021-05,983124.1635
Chinatown ,2021-06,986755.2508
Chinatown ,2021-07,995298.6553
Chinatown ,2021-08,1004945.737
Chinatown ,2021-09,1017788.884
Chinatown ,2021-10,1029150.062
Chinatown ,2021-11,1042929.426
Chinatown ,2021-12,1054168.402
Chinatown ,2022-01,1050891.77
Chinatown ,2022-02,1036411.256
Chinatown ,2022-03,1017680.368
Chinatown ,2022-04,1009112.934
Chinatown ,2022-05,1000575.31
Chinatown ,2022-06,988076.4799
Chinatown ,2022-07,970667.8274
Chinatown ,2022-08,950842.5382
Chinatown ,2022-09,930835.6593
Chinatown ,2022-10,914768.7487
Chinatown ,2022-11,905287.6769
Chinatown ,2022-12,900302.4746
Excelsior,2018-01,971933.2654
Excelsior,2018-02,980213.4307666668
Excelsior,2018-03,987760.8448333334
Excelsior,2018-04,995465.0283333332
Excelsior,2018-05,1006299.8456666666
Excelsior,2018-06,1016090.5153333334
Excelsior,2018-07,1020471.032
Excelsior,2018-08,1019138.0313333332
Excelsior,2018-09,1015312.1003333334
Excelsior,2018-10,1015029.3616666668
Excelsior,2018-11,1014907.4296666668
Excelsior,2018-12,1014224.7796666668
Excelsior,2019-01,1012472.9266666668
Excelsior,2019-02,1009521.6296666666
Excelsior,2019-03,1006765.5644333332
Excelsior,2019-04,1004997.1283666668
Excelsior,2019-05,1005460.4511666668
Excelsior,2019-06,1009241.1486666668
Excelsior,2019-07,1015225.0106666666
Excelsior,2019-08,1021687.68
Excelsior,2019-09,1027700.5906666666
Excelsior,2019-10,1031784.2933333332
Excelsior,2019-11,1036861.3523333332
Excelsior,2019-12,1042360.3079999998
Excelsior,2020-01,1049621.265666667
Excelsior,2020-02,1057271.4476666667
Excelsior,2020-03,1065180.379333333
Excelsior,2020-04,1070451.267
Excelsior,2020-05,1069623.807
Excelsior,2020-06,1062663.6413333332
Excelsior,2020-07,1058047.6043333334
Excelsior,2020-08,1060914.683333333
Excelsior,2020-09,1069382.2426666666
Excelsior,2020-10,1075546.6556666668
Excelsior,2020-11,1078404.459
Excelsior,2020-12,1077688.2693333337
Excelsior,2021-01,1075945.5983333334
Excelsior,2021-02,1073609.6106666666
Excelsior,2021-03,1074446.55
Excelsior,2021-04,1078421.6346666666
Excelsior,2021-05,1086364.4203333333
Excelsior,2021-06,1096611.791
Excelsior,2021-07,1109119.3236666666
Excelsior,2021-08,1116965.702
Excelsior,2021-09,1119445.2773333334
Excelsior,2021-10,1118934.5896666667
Excelsior,2021-11,1120945.319666667
Excelsior,2021-12,1122422.3586666668
Excelsior,2022-01,1126390.5133333334
Excelsior,2022-02,1134391.261
Excelsior,2022-03,1147138.6756666666
Excelsior,2022-04,1156627.998
Excelsior,2022-05,1159802.7603333334
Excelsior,2022-06,1155352.83
Excelsior,2022-07,1144144.6816666666
Excelsior,2022-08,1127006.7146666667
Excelsior,2022-09,1106721.8873333333
Excelsior,2022-10,1088556.5356666667
Excelsior,2022-11,1072309.3113333334
Excelsior,2022-12,1057308.658
Financial District/South Beach,2018-01,1075949.64815
Financial District/South Beach,2018-02,1078617.740625
Financial District/South Beach,2018-03,1081246.305575
Financial District/South Beach,2018-04,1081138.07945
Financial District/South Beach,2018-05,1082698.90685
Financial District/South Beach,2018-06,1084158.253925
Financial District/South Beach,2018-07,1082674.1853
Financial District/South Beach,2018-08,1078670.211375
Financial District/South Beach,2018-09,1075996.74835
Financial District/South Beach,2018-10,1076462.461875
Financial District/South Beach,2018-11,1078376.56215
Financial District/South Beach,2018-12,1079015.308025
Financial District/South Beach,2019-01,1078150.611
Financial District/South Beach,2019-02,1074719.455875
Financial District/South Beach,2019-03,1071723.127725
Financial District/South Beach,2019-04,1072483.228825
Financial District/South Beach,2019-05,1074913.049225
Financial District/South Beach,2019-06,1079255.3907
Financial District/South Beach,2019-07,1084119.56405
Financial District/South Beach,2019-08,1090214.418275
Financial District/South Beach,2019-09,1094127.241925
Financial District/South Beach,2019-10,1097637.011025
Financial District/South Beach,2019-11,1101165.720325
Financial District/South Beach,2019-12,1105844.82895
Financial District/South Beach,2020-01,1104528.6318
Financial District/South Beach,2020-02,1098727.81
Financial District/South Beach,2020-03,1090075.18055
Financial District/South Beach,2020-04,1084157.064125
Financial District/South Beach,2020-05,1078705.1367
Financial District/South Beach,2020-06,1072430.785125
Financial District/South Beach,2020-07,1066209.435925
Financial District/South Beach,2020-08,1062575.1385
Financial District/South Beach,2020-09,1061113.65535
Financial District/South Beach,2020-10,1061537.08115
Financial District/South Beach,2020-11,1063343.840825
Financial District/South Beach,2020-12,1064940.3555
Financial District/South Beach,2021-01,1065053.625775
Financial District/South Beach,2021-02,1061178.220175
Financial District/South Beach,2021-03,1056221.542
Financial District/South Beach,2021-04,1050712.828425
Financial District/South Beach,2021-05,1049820.290925
Financial District/South Beach,2021-06,1051680.95705
Financial District/South Beach,2021-07,1061002.136175
Financial District/South Beach,2021-08,1073329.778575
Financial District/South Beach,2021-09,1088586.9393
Financial District/South Beach,2021-10,1101637.621075
Financial District/South Beach,2021-11,1116142.159
Financial District/South Beach,2021-12,1130108.63625
Financial District/South Beach,2022-01,1137460.8095
Financial District/South Beach,2022-02,1138027.9
Financial District/South Beach,2022-03,1134586.41075
Financial District/South Beach,2022-04,1132122.7605
Financial District/South Beach,2022-05,1128000.9457
Financial District/South Beach,2022-06,1119694.225325
Financial District/South Beach,2022-07,1106002.1018
Financial District/South Beach,2022-08,1087941.1554
Financial District/South Beach,2022-09,1067248.42695
Financial District/South Beach,2022-10,1048653.1064
Financial District/South Beach,2022-11,1033664.913425
Financial District/South Beach,2022-12,1019411.603375
Glen Park,2018-01,1405747.261
Glen Park,2018-02,1421693.394
Glen Park,2018-03,1435651.337
Glen Park,2018-04,1445184.6465
Glen Park,2018-05,1459732.5695
Glen Park,2018-06,1472517.362
Glen Park,2018-07,1476091.804
Glen Park,2018-08,1472341.993
Glen Park,2018-09,1466700.0685
Glen Park,2018-10,1465555.2880000002
Glen Park,2018-11,1463444.4455
Glen Park,2018-12,1459725.111
Glen Park,2019-01,1453628.378
Glen Park,2019-02,1443433.9395
Glen Park,2019-03,1430463.4875
Glen Park,2019-04,1423088.5845
Glen Park,2019-05,1418907.794
Glen Park,2019-06,1422832.065
Glen Park,2019-07,1429112.0415
Glen Park,2019-08,1438637.7415
Glen Park,2019-09,1445154.0359999998
Glen Park,2019-10,1448727.4495
Glen Park,2019-11,1451005.328
Glen Park,2019-12,1453055.513
Glen Park,2020-01,1454568.4135
Glen Park,2020-02,1457263.48
Glen Park,2020-03,1463066.064
Glen Park,2020-04,1468850.64
Glen Park,2020-05,1467102.3555
Glen Park,2020-06,1455298.7170000002
Glen Park,2020-07,1446380.298
Glen Park,2020-08,1448869.4215
Glen Park,2020-09,1460024.137
Glen Park,2020-10,1467532.689
Glen Park,2020-11,1470226.2565
Glen Park,2020-12,1470088.5195
Glen Park,2021-01,1465390.0635000002
Glen Park,2021-02,1460513.412
Glen Park,2021-03,1458073.049
Glen Park,2021-04,1463969.1205000002
Glen Park,2021-05,1477063.8215
Glen Park,2021-06,1493640.7315
Glen Park,2021-07,1511439.035
Glen Park,2021-08,1519839.643
Glen Park,2021-09,1523208.8424999998
Glen Park,2021-10,1527535.0045
Glen Park,2021-11,1539239.563
Glen Park,2021-12,1550170.224
Glen Park,2022-01,1561304.427
Glen Park,2022-02,1575819.2635
Glen Park,2022-03,1593957.7065
Glen Park,2022-04,1606944.1795
Glen Park,2022-05,1611279.9845
Glen Park,2022-06,1605122.2740000002
Glen Park,2022-07,1586002.8615
Glen Park,2022-08,1554745.117
Glen Park,2022-09,1516648.4135
Glen Park,2022-10,1484598.0335
Glen Park,2022-11,1458118.5580000002
Glen Park,2022-12,1438421.3675
Haight Ashbury,2018-01,1539832.245125
Haight Ashbury,2018-02,1546507.721375
Haight Ashbury,2018-03,1551877.9445
Haight Ashbury,2018-04,1555896.613875
Haight Ashbury,2018-05,1565667.520625
Haight Ashbury,2018-06,1575476.536375
Haight Ashbury,2018-07,1577415.343625
Haight Ashbury,2018-08,1575352.52025
Haight Ashbury,2018-09,1574267.824
Haight Ashbury,2018-10,1576664.36575
Haight Ashbury,2018-11,1579578.575875
Haight Ashbury,2018-12,1577114.0115
Haight Ashbury,2019-01,1574924.08375
Haight Ashbury,2019-02,1570148.712375
Haight Ashbury,2019-03,1566981.306375
Haight Ashbury,2019-04,1569468.26375
Haight Ashbury,2019-05,1573978.90175
Haight Ashbury,2019-06,1581143.58675
Haight Ashbury,2019-07,1586935.590125
Haight Ashbury,2019-08,1595432.96275
Haight Ashbury,2019-09,1603591.36025
Haight Ashbury,2019-10,1611270.279875
Haight Ashbury,2019-11,1618852.831125
Haight Ashbury,2019-12,1626417.143625
Haight Ashbury,2020-01,1630682.25825
Haight Ashbury,2020-02,1630458.6285
Haight Ashbury,2020-03,1630633.425
Haight Ashbury,2020-04,1630429.264625
Haight Ashbury,2020-05,1624381.2859999998
Haight Ashbury,2020-06,1610726.492375
Haight Ashbury,2020-07,1598757.451875
Haight Ashbury,2020-08,1596168.20025
Haight Ashbury,2020-09,1599015.456875
Haight Ashbury,2020-10,1600142.162875
Haight Ashbury,2020-11,1599872.918625
Haight Ashbury,2020-12,1598112.5255
Haight Ashbury,2021-01,1595364.734
Haight Ashbury,2021-02,1589030.34
Haight Ashbury,2021-03,1586183.065125
Haight Ashbury,2021-04,1588750.531625
Haight Ashbury,2021-05,1601818.77575
Haight Ashbury,2021-06,1616222.984375
Haight Ashbury,2021-07,1634407.437375
Haight Ashbury,2021-08,1649009.301375
Haight Ashbury,2021-09,1663259.432875
Haight Ashbury,2021-10,1675066.792375
Haight Ashbury,2021-11,1692342.940125
Haight Ashbury,2021-12,1709630.096125
Haight Ashbury,2022-01,1722872.05525
Haight Ashbury,2022-02,1732168.226625
Haight Ashbury,2022-03,1742318.02925
Haight Ashbury,2022-04,1751386.271375
Haight Ashbury,2022-05,1752046.086125
Haight Ashbury,2022-06,1741853.839375
Haight Ashbury,2022-07,1721019.227
Haight Ashbury,2022-08,1691140.655125
Haight Ashbury,2022-09,1653438.440125
Haight Ashbury,2022-10,1619499.450875
Haight Ashbury,2022-11,1591481.72175
Haight Ashbury,2022-12,1567043.93
Hayes Valley,2018-01,1138367.356
Hayes Valley,2018-02,1147311.411
Hayes Valley,2018-03,1153988.84
Hayes Valley,2018-04,1159517.461
Hayes Valley,2018-05,1166656.242
Hayes Valley,2018-06,1172894.495
Hayes Valley,2018-07,1175244.28
Hayes Valley,2018-08,1175417.148
Hayes Valley,2018-09,1176437.984
Hayes Valley,2018-10,1180327.224
Hayes Valley,2018-11,1183877.256
Hayes Valley,2018-12,1182411.088
Hayes Valley,2019-01,1177320.477
Hayes Valley,2019-02,1169254.895
Hayes Valley,2019-03,1163101.195
Hayes Valley,2019-04,1162321.281
Hayes Valley,2019-05,1165017.59
Hayes Valley,2019-06,1168721.874
Hayes Valley,2019-07,1171459.674
Hayes Valley,2019-08,1176010.274
Hayes Valley,2019-09,1181648.393
Hayes Valley,2019-10,1189404.685
Hayes Valley,2019-11,1195507.483
Hayes Valley,2019-12,1202052.074
Hayes Valley,2020-01,1205369.896
Hayes Valley,2020-02,1205081.904
Hayes Valley,2020-03,1204854.638
Hayes Valley,2020-04,1202273.048
Hayes Valley,2020-05,1196764.516
Hayes Valley,2020-06,1185518.231
Hayes Valley,2020-07,1176519.513
Hayes Valley,2020-08,1172486.198
Hayes Valley,2020-09,1170848.129
Hayes Valley,2020-10,1167071.658
Hayes Valley,2020-11,1162889.221
Hayes Valley,2020-12,1157514.94
Hayes Valley,2021-01,1153022.715
Hayes Valley,2021-02,1145132.937
Hayes Valley,2021-03,1138749.378
Hayes Valley,2021-04,1130543.473
Hayes Valley,2021-05,1126635.133
Hayes Valley,2021-06,1123214.498
Hayes Valley,2021-07,1129805.288
Hayes Valley,2021-08,1140185.582
Hayes Valley,2021-09,1155260.722
Hayes Valley,2021-10,1168539.649
Hayes Valley,2021-11,1185631.912
Hayes Valley,2021-12,1200243.245
Hayes Valley,2022-01,1206051.368
Hayes Valley,2022-02,1202166.439
Hayes Valley,2022-03,1196774.554
Hayes Valley,2022-04,1194518.098
Hayes Valley,2022-05,1192656.56
Hayes Valley,2022-06,1184130.382
Hayes Valley,2022-07,1167771.682
Hayes Valley,2022-08,1146139.665
Hayes Valley,2022-09,1124321.446
Hayes Valley,2022-10,1108115.139
Hayes Valley,2022-11,1094706.876
Hayes Valley,2022-12,1078480.875
Inner Richmond,2018-01,1948172.004
Inner Richmond,2018-02,1968511.254
Inner Richmond,2018-03,1981078.546
Inner Richmond,2018-04,1990287.384
Inner Richmond,2018-05,1999887.9760000005
Inner Richmond,2018-06,2009589.582
Inner Richmond,2018-07,1998800.4265
Inner Richmond,2018-08,1983770.7425
Inner Richmond,2018-09,1973802.2625
Inner Richmond,2018-10,1976979.8675
Inner Richmond,2018-11,1983866.992
Inner Richmond,2018-12,1980189.136
Inner Richmond,2019-01,1968809.4655
Inner Richmond,2019-02,1945189.379
Inner Richmond,2019-03,1924879.9705
Inner Richmond,2019-04,1911939.932
Inner Richmond,2019-05,1908338.1175
Inner Richmond,2019-06,1912910.8045
Inner Richmond,2019-07,1924748.1175
Inner Richmond,2019-08,1941883.7775
Inner Richmond,2019-09,1955162.4585
Inner Richmond,2019-10,1966024.0825
Inner Richmond,2019-11,1974845.2385
Inner Richmond,2019-12,1984752.991
Inner Richmond,2020-01,1995705.5985
Inner Richmond,2020-02,2003192.47
Inner Richmond,2020-03,2014103.2105
Inner Richmond,2020-04,2018836.6635
Inner Richmond,2020-05,2013837.7875
Inner Richmond,2020-06,1994829.8585
Inner Richmond,2020-07,1979845.4245
Inner Richmond,2020-08,1980936.292
Inner Richmond,2020-09,1995032.164
Inner Richmond,2020-10,2004060.5945
Inner Richmond,2020-11,2009542.3805
Inner Richmond,2020-12,2011036.1185
Inner Richmond,2021-01,2013478.852
Inner Richmond,2021-02,2010545.1285
Inner Richmond,2021-03,2010238.5885
Inner Richmond,2021-04,2016848.8605
Inner Richmond,2021-05,2038756.131
Inner Richmond,2021-06,2066437.654
Inner Richmond,2021-07,2097569.6905
Inner Richmond,2021-08,2122138.216
Inner Richmond,2021-09,2142948.424
Inner Richmond,2021-10,2158093.2825
Inner Richmond,2021-11,2176359.741
Inner Richmond,2021-12,2192491.833
Inner Richmond,2022-01,2212218.337
Inner Richmond,2022-02,2240039.7255
Inner Richmond,2022-03,2279918.609
Inner Richmond,2022-04,2314023.776
Inner Richmond,2022-05,2326623.6865
Inner Richmond,2022-06,2309956.4045
Inner Richmond,2022-07,2274531.0635
Inner Richmond,2022-08,2226152.0335
Inner Richmond,2022-09,2170054.2545
Inner Richmond,2022-10,2120608.0225
Inner Richmond,2022-11,2082715.438
Inner Richmond,2022-12,2050317.511
Inner Sunset,2018-01,1516317.4965
Inner Sunset,2018-02,1532675.01
Inner Sunset,2018-03,1546821.653
Inner Sunset,2018-04,1560850.825
Inner Sunset,2018-05,1580836.923
Inner Sunset,2018-06,1598084.1834999998
Inner Sunset,2018-07,1600817.169
Inner Sunset,2018-08,1594057.3505000002
Inner Sunset,2018-09,1587411.4674999998
Inner Sunset,2018-10,1586637.83
Inner Sunset,2018-11,1586616.0125
Inner Sunset,2018-12,1580082.9255
Inner Sunset,2019-01,1570973.8254999998
Inner Sunset,2019-02,1556022.1175
Inner Sunset,2019-03,1545188.721
Inner Sunset,2019-04,1540275.7659999998
Inner Sunset,2019-05,1541145.3495
Inner Sunset,2019-06,1547255.4835
Inner Sunset,2019-07,1555696.1324999998
Inner Sunset,2019-08,1565462.0655
Inner Sunset,2019-09,1572945.242
Inner Sunset,2019-10,1577818.3645
Inner Sunset,2019-11,1584981.548
Inner Sunset,2019-12,1591813.9055
Inner Sunset,2020-01,1599837.8725
Inner Sunset,2020-02,1607067.8369999998
Inner Sunset,2020-03,1618458.937
Inner Sunset,2020-04,1624482.962
Inner Sunset,2020-05,1618279.363
Inner Sunset,2020-06,1601293.7465
Inner Sunset,2020-07,1590563.771
Inner Sunset,2020-08,1593737.9330000002
Inner Sunset,2020-09,1605139.132
Inner Sunset,2020-10,1613263.6545000002
Inner Sunset,2020-11,1618288.7259999998
Inner Sunset,2020-12,1621213.4065
Inner Sunset,2021-01,1623398.3465
Inner Sunset,2021-02,1624608.677
Inner Sunset,2021-03,1628429.7
Inner Sunset,2021-04,1638310.8709999998
Inner Sunset,2021-05,1656124.5775
Inner Sunset,2021-06,1679050.957
Inner Sunset,2021-07,1703708.8685
Inner Sunset,2021-08,1721076.8155
Inner Sunset,2021-09,1729601.9904999998
Inner Sunset,2021-10,1734590.102
Inner Sunset,2021-11,1744046.13
Inner Sunset,2021-12,1754512.9130000002
Inner Sunset,2022-01,1767038.005
Inner Sunset,2022-02,1785366.7585
Inner Sunset,2022-03,1811265.6445
Inner Sunset,2022-04,1832893.0715
Inner Sunset,2022-05,1843574.8415
Inner Sunset,2022-06,1838916.3275
Inner Sunset,2022-07,1820821.9115
Inner Sunset,2022-08,1790707.613
Inner Sunset,2022-09,1752443.4470000002
Inner Sunset,2022-10,1718301.11
Inner Sunset,2022-11,1688939.1325
Inner Sunset,2022-12,1665054.6085
Japantown,2018-01,984372.0424
Japantown,2018-02,988631.9055
Japantown,2018-03,992567.0009
Japantown,2018-04,997236.3048
Japantown,2018-05,1005188.106
Japantown,2018-06,1010089.755
Japantown,2018-07,1008660.477
Japantown,2018-08,1003985.91
Japantown,2018-09,1001924.875
Japantown,2018-10,1003581.57
Japantown,2018-11,1008133.859
Japantown,2018-12,1009430.919
Japantown,2019-01,1008804.345
Japantown,2019-02,1003414.661
Japantown,2019-03,998922.5326
Japantown,2019-04,996411.4978
Japantown,2019-05,997405.2753
Japantown,2019-06,1002479.594
Japantown,2019-07,1010271.383
Japantown,2019-08,1018427.118
Japantown,2019-09,1023946.663
Japantown,2019-10,1028125.942
Japantown,2019-11,1030878.528
Japantown,2019-12,1033294.065
Japantown,2020-01,1034916.244
Japantown,2020-02,1035616.679
Japantown,2020-03,1036939.18
Japantown,2020-04,1038251.972
Japantown,2020-05,1037136.665
Japantown,2020-06,1030314.866
Japantown,2020-07,1019403.387
Japantown,2020-08,1010142.372
Japantown,2020-09,1004945.153
Japantown,2020-10,1002148.603
Japantown,2020-11,1000206.64
Japantown,2020-12,999380.6669
Japantown,2021-01,998527.1699
Japantown,2021-02,994757.3407
Japantown,2021-03,990558.6261
Japantown,2021-04,987144.7221
Japantown,2021-05,988721.9964
Japantown,2021-06,992639.3576
Japantown,2021-07,999056.0712
Japantown,2021-08,1006046.637
Japantown,2021-09,1009518.9
Japantown,2021-10,1012834.326
Japantown,2021-11,1018603.643
Japantown,2021-12,1028636.367
Japantown,2022-01,1038956.574
Japantown,2022-02,1049215.126
Japantown,2022-03,1061014.771
Japantown,2022-04,1070991.773
Japantown,2022-05,1074716.982
Japantown,2022-06,1067904.229
Japantown,2022-07,1053530.266
Japantown,2022-08,1033549.861
Japantown,2022-09,1011628.2
Japantown,2022-10,994315.7919
Japantown,2022-11,984116.6842
Japantown,2022-12,978799.3803
Lakeshore,2018-01,1345174.4689999998
Lakeshore,2018-02,1354126.451666667
Lakeshore,2018-03,1363431.581
Lakeshore,2018-04,1370714.0983333334
Lakeshore,2018-05,1382990.7473333334
Lakeshore,2018-06,1394815.3406666666
Lakeshore,2018-07,1401380.1603333335
Lakeshore,2018-08,1402625.859
Lakeshore,2018-09,1400582.1133333333
Lakeshore,2018-10,1401396.8526666667
Lakeshore,2018-11,1400571.6516666666
Lakeshore,2018-12,1397069.4583333333
Lakeshore,2019-01,1391942.5146666665
Lakeshore,2019-02,1384581.9913333333
Lakeshore,2019-03,1378227.2563333332
Lakeshore,2019-04,1375321.162
Lakeshore,2019-05,1376653.705
Lakeshore,2019-06,1383248.216
Lakeshore,2019-07,1392318.2293333334
Lakeshore,2019-08,1400439.6033333335
Lakeshore,2019-09,1404541.173333333
Lakeshore,2019-10,1404016.345
Lakeshore,2019-11,1402713.37
Lakeshore,2019-12,1401476.735
Lakeshore,2020-01,1403139.4236666665
Lakeshore,2020-02,1406859.186
Lakeshore,2020-03,1415131.9883333333
Lakeshore,2020-04,1420173.898
Lakeshore,2020-05,1419877.829
Lakeshore,2020-06,1411938.729
Lakeshore,2020-07,1406787.7833333332
Lakeshore,2020-08,1407980.3753333334
Lakeshore,2020-09,1413857.025
Lakeshore,2020-10,1415992.5803333337
Lakeshore,2020-11,1413785.0373333332
Lakeshore,2020-12,1406414.43
Lakeshore,2021-01,1397830.5236666666
Lakeshore,2021-02,1390390.567
Lakeshore,2021-03,1390743.9083333332
Lakeshore,2021-04,1397868.4606666667
Lakeshore,2021-05,1413418.564
Lakeshore,2021-06,1432662.3503333332
Lakeshore,2021-07,1455809.2183333335
Lakeshore,2021-08,1475731.684333333
Lakeshore,2021-09,1488652.3146666668
Lakeshore,2021-10,1495818.6823333334
Lakeshore,2021-11,1504506.2566666666
Lakeshore,2021-12,1513820.400333333
Lakeshore,2022-01,1523962.0823333336
Lakeshore,2022-02,1533582.8376666668
Lakeshore,2022-03,1544630.789
Lakeshore,2022-04,1553023.8583333334
Lakeshore,2022-05,1556234.5446666663
Lakeshore,2022-06,1551315.045
Lakeshore,2022-07,1537886.8036666668
Lakeshore,2022-08,1514956.649
Lakeshore,2022-09,1487584.618
Lakeshore,2022-10,1464776.8436666664
Lakeshore,2022-11,1447579.148
Lakeshore,2022-12,1434233.2306666663
Lone Mountain/USF,2018-01,1633995.098
Lone Mountain/USF,2018-02,1651130.724
Lone Mountain/USF,2018-03,1661248.927
Lone Mountain/USF,2018-04,1668473.793
Lone Mountain/USF,2018-05,1678325.62
Lone Mountain/USF,2018-06,1689555.025
Lone Mountain/USF,2018-07,1686790.957
Lone Mountain/USF,2018-08,1679533.209
Lone Mountain/USF,2018-09,1675127.915
Lone Mountain/USF,2018-10,1677352.591
Lone Mountain/USF,2018-11,1679858.53
Lone Mountain/USF,2018-12,1674309.839
Lone Mountain/USF,2019-01,1666260.828
Lone Mountain/USF,2019-02,1652157.179
Lone Mountain/USF,2019-03,1641702.334
Lone Mountain/USF,2019-04,1636524.016
Lone Mountain/USF,2019-05,1634411.506
Lone Mountain/USF,2019-06,1636373.746
Lone Mountain/USF,2019-07,1642461.514
Lone Mountain/USF,2019-08,1654982.096
Lone Mountain/USF,2019-09,1665706.204
Lone Mountain/USF,2019-10,1673582.793
Lone Mountain/USF,2019-11,1678654.185
Lone Mountain/USF,2019-12,1683325.137
Lone Mountain/USF,2020-01,1688025.177
Lone Mountain/USF,2020-02,1690807.419
Lone Mountain/USF,2020-03,1697082.992
Lone Mountain/USF,2020-04,1701159.776
Lone Mountain/USF,2020-05,1696846.96
Lone Mountain/USF,2020-06,1680879.17
Lone Mountain/USF,2020-07,1665616.957
Lone Mountain/USF,2020-08,1664939.627
Lone Mountain/USF,2020-09,1674734.559
Lone Mountain/USF,2020-10,1681437.814
Lone Mountain/USF,2020-11,1681991.659
Lone Mountain/USF,2020-12,1679478.635
Lone Mountain/USF,2021-01,1675654.604
Lone Mountain/USF,2021-02,1668581.525
Lone Mountain/USF,2021-03,1665010.025
Lone Mountain/USF,2021-04,1667534.069
Lone Mountain/USF,2021-05,1682187.441
Lone Mountain/USF,2021-06,1700052.317
Lone Mountain/USF,2021-07,1725192.899
Lone Mountain/USF,2021-08,1748471.735
Lone Mountain/USF,2021-09,1768478.091
Lone Mountain/USF,2021-10,1781799.959
Lone Mountain/USF,2021-11,1797198.775
Lone Mountain/USF,2021-12,1809449.993
Lone Mountain/USF,2022-01,1819080.348
Lone Mountain/USF,2022-02,1827309.991
Lone Mountain/USF,2022-03,1844552.004
Lone Mountain/USF,2022-04,1862107.941
Lone Mountain/USF,2022-05,1868970.575
Lone Mountain/USF,2022-06,1854070.857
Lone Mountain/USF,2022-07,1823870.414
Lone Mountain/USF,2022-08,1784666.776
Lone Mountain/USF,2022-09,1743654.418
Lone Mountain/USF,2022-10,1710339.059
Lone Mountain/USF,2022-11,1683434.918
Lone Mountain/USF,2022-12,1657997.918
Marina,2018-01,2248424.7605
Marina,2018-02,2259739.782
Marina,2018-03,2272304.0755
Marina,2018-04,2281627.8710000003
Marina,2018-05,2294380.1845
Marina,2018-06,2304237.343
Marina,2018-07,2295178.6585
Marina,2018-08,2285524.25
Marina,2018-09,2278989.6425
Marina,2018-10,2287589.5485
Marina,2018-11,2294531.657
Marina,2018-12,2293490.9815
Marina,2019-01,2288598.6405
Marina,2019-02,2267810.646
Marina,2019-03,2248475.541
Marina,2019-04,2237015.4035
Marina,2019-05,2240732.8880000003
Marina,2019-06,2249019.0825
Marina,2019-07,2255069.259
Marina,2019-08,2262536.34
Marina,2019-09,2271745.4375
Marina,2019-10,2283499.763
Marina,2019-11,2290726.8235
Marina,2019-12,2295328.808
Marina,2020-01,2295673.3315000003
Marina,2020-02,2295872.3285
Marina,2020-03,2296198.6365
Marina,2020-04,2296120.599
Marina,2020-05,2286643.9225000003
Marina,2020-06,2267137.051
Marina,2020-07,2248081.3285
Marina,2020-08,2242814.7675
Marina,2020-09,2250906.3545
Marina,2020-10,2258885.5590000004
Marina,2020-11,2265237.454
Marina,2020-12,2264368.894
Marina,2021-01,2263087.3575
Marina,2021-02,2259520.019
Marina,2021-03,2261220.425
Marina,2021-04,2267168.3515
Marina,2021-05,2285959.61
Marina,2021-06,2309801.134
Marina,2021-07,2348785.4515
Marina,2021-08,2383613.7985
Marina,2021-09,2422253.42
Marina,2021-10,2451279.256
Marina,2021-11,2484712.821
Marina,2021-12,2510834.7715
Marina,2022-01,2523948.9195
Marina,2022-02,2531504.046
Marina,2022-03,2542393.6500000004
Marina,2022-04,2554761.61
Marina,2022-05,2553493.18
Marina,2022-06,2532111.345
Marina,2022-07,2498340.1075
Marina,2022-08,2449377.723
Marina,2022-09,2389517.7885
Marina,2022-10,2334218.8655000003
Marina,2022-11,2293639.344
Marina,2022-12,2261636.999
Mission,2018-01,1155954.1575000002
Mission,2018-02,1161919.2195
Mission,2018-03,1168200.889
Mission,2018-04,1173842.182
Mission,2018-05,1182413.6865
Mission,2018-06,1189993.031
Mission,2018-07,1191031.666
Mission,2018-08,1188323.2555
Mission,2018-09,1186183.244
Mission,2018-10,1188292.603
Mission,2018-11,1192301.9575
Mission,2018-12,1193034.8265
Mission,2019-01,1193273.372
Mission,2019-02,1190674.652
Mission,2019-03,1188774.8575
Mission,2019-04,1188486.852
Mission,2019-05,1190899.856
Mission,2019-06,1196909.047
Mission,2019-07,1204141.391
Mission,2019-08,1211674.0669999998
Mission,2019-09,1218252.114
Mission,2019-10,1223514.443
Mission,2019-11,1229337.2999999998
Mission,2019-12,1235513.781
Mission,2020-01,1239549.3195
Mission,2020-02,1239882.041
Mission,2020-03,1239376.5
Mission,2020-04,1239154.698
Mission,2020-05,1236323.273
Mission,2020-06,1228908.759
Mission,2020-07,1222460.0305
Mission,2020-08,1220569.187
Mission,2020-09,1220603.6875
Mission,2020-10,1218989.122
Mission,2020-11,1215904.5244999998
Mission,2020-12,1212275.8805
Mission,2021-01,1207136.1065
Mission,2021-02,1199476.343
Mission,2021-03,1194003.8624999998
Mission,2021-04,1189967.198
Mission,2021-05,1193714.8539999998
Mission,2021-06,1197904.739
Mission,2021-07,1209360.1715
Mission,2021-08,1219570.8115
Mission,2021-09,1231503.7385
Mission,2021-10,1240197.4315
Mission,2021-11,1253378.2365
Mission,2021-12,1265562.3195
Mission,2022-01,1272621.807
Mission,2022-02,1273402.271
Mission,2022-03,1273435.676
Mission,2022-04,1275198.6515
Mission,2022-05,1273633.9485
Mission,2022-06,1264174.9355
Mission,2022-07,1247958.7655
Mission,2022-08,1225546.3135000002
Mission,2022-09,1200654.953
Mission,2022-10,1177744.3605
Mission,2022-11,1157933.1685
Mission,2022-12,1139922.347
Mission Bay,2018-01,1160609.959
Mission Bay,2018-02,1161785.217
Mission Bay,2018-03,1165086.691
Mission Bay,2018-04,1169662.055
Mission Bay,2018-05,1175712.538
Mission Bay,2018-06,1178895.333
Mission Bay,2018-07,1179919.708
Mission Bay,2018-08,1178278.091
Mission Bay,2018-09,1180870.342
Mission Bay,2018-10,1185346.251
Mission Bay,2018-11,1192900.991
Mission Bay,2018-12,1197071.066
Mission Bay,2019-01,1196092.303
Mission Bay,2019-02,1188858.297
Mission Bay,2019-03,1180210.799
Mission Bay,2019-04,1176566.172
Mission Bay,2019-05,1175623.196
Mission Bay,2019-06,1177619.747
Mission Bay,2019-07,1182036.644
Mission Bay,2019-08,1189788.298
Mission Bay,2019-09,1196768.12
Mission Bay,2019-10,1201946.306
Mission Bay,2019-11,1206822.993
Mission Bay,2019-12,1213652.169
Mission Bay,2020-01,1217907.213
Mission Bay,2020-02,1217970.548
Mission Bay,2020-03,1213908.817
Mission Bay,2020-04,1209819.225
Mission Bay,2020-05,1205860.584
Mission Bay,2020-06,1202019.188
Mission Bay,2020-07,1199635.25
Mission Bay,2020-08,1198576.227
Mission Bay,2020-09,1196831.508
Mission Bay,2020-10,1193716.023
Mission Bay,2020-11,1191695.241
Mission Bay,2020-12,1189458.424
Mission Bay,2021-01,1186663.106
Mission Bay,2021-02,1182284.134
Mission Bay,2021-03,1179142.753
Mission Bay,2021-04,1177607.574
Mission Bay,2021-05,1181195.531
Mission Bay,2021-06,1187404.775
Mission Bay,2021-07,1196136.745
Mission Bay,2021-08,1202904.468
Mission Bay,2021-09,1209497.595
Mission Bay,2021-10,1217077.003
Mission Bay,2021-11,1227968.17
Mission Bay,2021-12,1239411.656
Mission Bay,2022-01,1248128.077
Mission Bay,2022-02,1255534.549
Mission Bay,2022-03,1263536.871
Mission Bay,2022-04,1269456.63
Mission Bay,2022-05,1270329.514
Mission Bay,2022-06,1262341.113
Mission Bay,2022-07,1248288.317
Mission Bay,2022-08,1225895.175
Mission Bay,2022-09,1201081.181
Mission Bay,2022-10,1178356.499
Mission Bay,2022-11,1162131.436
Mission Bay,2022-12,1148743.648
Nob Hill,2018-01,1059283.872
Nob Hill,2018-02,1061756.817
Nob Hill,2018-03,1063180.3645
Nob Hill,2018-04,1064786.9421
Nob Hill,2018-05,1069433.5854
Nob Hill,2018-06,1073061.7429
Nob Hill,2018-07,1072482.0884
Nob Hill,2018-08,1069394.9874
Nob Hill,2018-09,1067676.1738
Nob Hill,2018-10,1069541.50875
Nob Hill,2018-11,1072321.246
Nob Hill,2018-12,1073043.0185
Nob Hill,2019-01,1071065.1906
Nob Hill,2019-02,1064393.1219
Nob Hill,2019-03,1058451.89505
Nob Hill,2019-04,1055485.79755
Nob Hill,2019-05,1056536.3205
Nob Hill,2019-06,1059418.5747
Nob Hill,2019-07,1064422.86635
Nob Hill,2019-08,1070727.209
Nob Hill,2019-09,1076062.0603999998
Nob Hill,2019-10,1079872.4662
Nob Hill,2019-11,1081753.09925
Nob Hill,2019-12,1083736.52575
Nob Hill,2020-01,1082616.52905
Nob Hill,2020-02,1078751.196
Nob Hill,2020-03,1074804.2002
Nob Hill,2020-04,1072155.2753
Nob Hill,2020-05,1068820.5129
Nob Hill,2020-06,1063304.29325
Nob Hill,2020-07,1058209.671
Nob Hill,2020-08,1057677.64075
Nob Hill,2020-09,1059805.52565
Nob Hill,2020-10,1060880.116
Nob Hill,2020-11,1059693.32285
Nob Hill,2020-12,1056993.52345
Nob Hill,2021-01,1052583.19445
Nob Hill,2021-02,1046737.4163
Nob Hill,2021-03,1040081.28405
Nob Hill,2021-04,1035881.3653
Nob Hill,2021-05,1036404.21235
Nob Hill,2021-06,1040620.112
Nob Hill,2021-07,1049396.59185
Nob Hill,2021-08,1058124.9076
Nob Hill,2021-09,1066102.19625
Nob Hill,2021-10,1071281.26945
Nob Hill,2021-11,1079226.0199000002
Nob Hill,2021-12,1085998.30385
Nob Hill,2022-01,1090003.53935
Nob Hill,2022-02,1091119.0458
Nob Hill,2022-03,1093573.1084
Nob Hill,2022-04,1096598.93305
Nob Hill,2022-05,1095027.46935
Nob Hill,2022-06,1086310.20085
Nob Hill,2022-07,1071063.4024
Nob Hill,2022-08,1051939.50165
Nob Hill,2022-09,1031482.35305
Nob Hill,2022-10,1014033.43475
Nob Hill,2022-11,1000035.0779
Nob Hill,2022-12,986730.258
Noe Valley,2018-01,1822132.749
Noe Valley,2018-02,1840817.873
Noe Valley,2018-03,1855778.137
Noe Valley,2018-04,1866743.257
Noe Valley,2018-05,1883791.682
Noe Valley,2018-06,1901291.121
Noe Valley,2018-07,1902545.106
Noe Valley,2018-08,1897148.152
Noe Valley,2018-09,1888625.82
Noe Valley,2018-10,1890180.359
Noe Valley,2018-11,1890829.366
Noe Valley,2018-12,1887720.548
Noe Valley,2019-01,1879620.897
Noe Valley,2019-02,1863863.853
Noe Valley,2019-03,1848218.476
Noe Valley,2019-04,1840436.987
Noe Valley,2019-05,1839787.644
Noe Valley,2019-06,1846569.021
Noe Valley,2019-07,1856427.513
Noe Valley,2019-08,1870636.15
Noe Valley,2019-09,1882940.593
Noe Valley,2019-10,1893937.468
Noe Valley,2019-11,1905373.438
Noe Valley,2019-12,1917284.104
Noe Valley,2020-01,1924849.849
Noe Valley,2020-02,1924816.635
Noe Valley,2020-03,1926086.635
Noe Valley,2020-04,1925893.708
Noe Valley,2020-05,1919495.632
Noe Valley,2020-06,1899606.512
Noe Valley,2020-07,1884378.498
Noe Valley,2020-08,1883786.808
Noe Valley,2020-09,1895115.892
Noe Valley,2020-10,1904510.015
Noe Valley,2020-11,1909219.242
Noe Valley,2020-12,1908085.212
Noe Valley,2021-01,1902362.205
Noe Valley,2021-02,1893918.878
Noe Valley,2021-03,1889815.413
Noe Valley,2021-04,1892436.469
Noe Valley,2021-05,1904302.508
Noe Valley,2021-06,1920458.557
Noe Valley,2021-07,1948414.024
Noe Valley,2021-08,1972942.055
Noe Valley,2021-09,1996589.502
Noe Valley,2021-10,2013018.581
Noe Valley,2021-11,2035763.471
Noe Valley,2021-12,2055302.976
Noe Valley,2022-01,2066306.349
Noe Valley,2022-02,2075537.809
Noe Valley,2022-03,2087744.703
Noe Valley,2022-04,2100128.977
Noe Valley,2022-05,2102219.226
Noe Valley,2022-06,2088930.324
Noe Valley,2022-07,2058892.723
Noe Valley,2022-08,2010290.18
Noe Valley,2022-09,1955077.526
Noe Valley,2022-10,1907870.304
Noe Valley,2022-11,1872091.599
Noe Valley,2022-12,1843059.367
North Beach,2018-01,1187394.12025
North Beach,2018-02,1198061.379
North Beach,2018-03,1207887.1455
North Beach,2018-04,1215556.201
North Beach,2018-05,1225045.7705
North Beach,2018-06,1231966.24325
North Beach,2018-07,1230979.2295
North Beach,2018-08,1224854.846
North Beach,2018-09,1219449.57375
North Beach,2018-10,1218848.09075
North Beach,2018-11,1221203.00125
North Beach,2018-12,1221015.02
North Beach,2019-01,1219500.23325
North Beach,2019-02,1213251.69375
North Beach,2019-03,1207736.93775
North Beach,2019-04,1205026.50475
North Beach,2019-05,1204343.2455
North Beach,2019-06,1207909.52725
North Beach,2019-07,1212228.56525
North Beach,2019-08,1216980.5505
North Beach,2019-09,1217977.896
North Beach,2019-10,1219856.9595
North Beach,2019-11,1223111.77975
North Beach,2019-12,1229446.19575
North Beach,2020-01,1232460.84875
North Beach,2020-02,1233010.99325
North Beach,2020-03,1230295.6430000002
North Beach,2020-04,1227366.57375
North Beach,2020-05,1222035.7645
North Beach,2020-06,1214070.60675
North Beach,2020-07,1207220.21125
North Beach,2020-08,1204292.71575
North Beach,2020-09,1203172.33725
North Beach,2020-10,1200556.03175
North Beach,2020-11,1196971.293
North Beach,2020-12,1194336.83925
North Beach,2021-01,1189785.61725
North Beach,2021-02,1181520.49125
North Beach,2021-03,1173141.445
North Beach,2021-04,1164991.0595
North Beach,2021-05,1164302.14025
North Beach,2021-06,1166129.97025
North Beach,2021-07,1175492.3175
North Beach,2021-08,1185088.66125
North Beach,2021-09,1195722.108
North Beach,2021-10,1206023.30775
North Beach,2021-11,1218846.55875
North Beach,2021-12,1231849.61725
North Beach,2022-01,1239346.226
North Beach,2022-02,1243153.65825
North Beach,2022-03,1244144.42575
North Beach,2022-04,1244810.22
North Beach,2022-05,1240368.4155
North Beach,2022-06,1228508.748
North Beach,2022-07,1211058.796
North Beach,2022-08,1188182.74025
North Beach,2022-09,1162543.79025
North Beach,2022-10,1137886.552
North Beach,2022-11,1118193.796975
North Beach,2022-12,1102681.9275
Oceanview/Merced/Ingleside,2018-01,1077098.4784
Oceanview/Merced/Ingleside,2018-02,1087642.8333
Oceanview/Merced/Ingleside,2018-03,1097344.128575
Oceanview/Merced/Ingleside,2018-04,1106168.5085
Oceanview/Merced/Ingleside,2018-05,1118290.85265
Oceanview/Merced/Ingleside,2018-06,1129657.94275
Oceanview/Merced/Ingleside,2018-07,1135083.768575
Oceanview/Merced/Ingleside,2018-08,1136617.11185
Oceanview/Merced/Ingleside,2018-09,1136670.183125
Oceanview/Merced/Ingleside,2018-10,1139642.49835
Oceanview/Merced/Ingleside,2018-11,1140080.9357500002
Oceanview/Merced/Ingleside,2018-12,1137334.3436
Oceanview/Merced/Ingleside,2019-01,1131882.73505
Oceanview/Merced/Ingleside,2019-02,1124835.1164
Oceanview/Merced/Ingleside,2019-03,1118708.251025
Oceanview/Merced/Ingleside,2019-04,1115100.72595
Oceanview/Merced/Ingleside,2019-05,1114537.77375
Oceanview/Merced/Ingleside,2019-06,1117928.334975
Oceanview/Merced/Ingleside,2019-07,1124798.8019
Oceanview/Merced/Ingleside,2019-08,1132769.821775
Oceanview/Merced/Ingleside,2019-09,1140647.79875
Oceanview/Merced/Ingleside,2019-10,1145732.27565
Oceanview/Merced/Ingleside,2019-11,1150505.8005
Oceanview/Merced/Ingleside,2019-12,1153247.0471
Oceanview/Merced/Ingleside,2020-01,1157119.180125
Oceanview/Merced/Ingleside,2020-02,1161163.74455
Oceanview/Merced/Ingleside,2020-03,1167386.455275
Oceanview/Merced/Ingleside,2020-04,1170536.48245
Oceanview/Merced/Ingleside,2020-05,1168205.870275
Oceanview/Merced/Ingleside,2020-06,1159090.504
Oceanview/Merced/Ingleside,2020-07,1153442.734475
Oceanview/Merced/Ingleside,2020-08,1156373.366875
Oceanview/Merced/Ingleside,2020-09,1165877.985075
Oceanview/Merced/Ingleside,2020-10,1173978.249275
Oceanview/Merced/Ingleside,2020-11,1179335.319175
Oceanview/Merced/Ingleside,2020-12,1182468.520575
Oceanview/Merced/Ingleside,2021-01,1183377.6544249998
Oceanview/Merced/Ingleside,2021-02,1182647.148725
Oceanview/Merced/Ingleside,2021-03,1184322.584225
Oceanview/Merced/Ingleside,2021-04,1192012.519875
Oceanview/Merced/Ingleside,2021-05,1205537.2302
Oceanview/Merced/Ingleside,2021-06,1222748.06875
Oceanview/Merced/Ingleside,2021-07,1239952.188775
Oceanview/Merced/Ingleside,2021-08,1251426.021375
Oceanview/Merced/Ingleside,2021-09,1254792.571
Oceanview/Merced/Ingleside,2021-10,1254673.9194999998
Oceanview/Merced/Ingleside,2021-11,1257076.7995
Oceanview/Merced/Ingleside,2021-12,1260298.03125
Oceanview/Merced/Ingleside,2022-01,1266639.55175
Oceanview/Merced/Ingleside,2022-02,1276588.29575
Oceanview/Merced/Ingleside,2022-03,1290869.0935
Oceanview/Merced/Ingleside,2022-04,1300976.835
Oceanview/Merced/Ingleside,2022-05,1304653.921
Oceanview/Merced/Ingleside,2022-06,1300605.3029999998
Oceanview/Merced/Ingleside,2022-07,1290338.7282500002
Oceanview/Merced/Ingleside,2022-08,1273146.0217499998
Oceanview/Merced/Ingleside,2022-09,1252724.70125
Oceanview/Merced/Ingleside,2022-10,1234244.489375
Oceanview/Merced/Ingleside,2022-11,1218563.12995
Oceanview/Merced/Ingleside,2022-12,1204960.342625
Outer Mission,2018-01,981673.86845
Outer Mission,2018-02,991156.113
Outer Mission,2018-03,999435.08205
Outer Mission,2018-04,1006743.92965
Outer Mission,2018-05,1017674.04045
Outer Mission,2018-06,1026700.47695
Outer Mission,2018-07,1029808.23425
Outer Mission,2018-08,1027424.9526
Outer Mission,2018-09,1024414.67865
Outer Mission,2018-10,1025490.9608
Outer Mission,2018-11,1025751.311
Outer Mission,2018-12,1024544.68095
Outer Mission,2019-01,1022577.6923
Outer Mission,2019-02,1019790.09925
Outer Mission,2019-03,1016349.14345
Outer Mission,2019-04,1013719.69965
Outer Mission,2019-05,1013005.06905
Outer Mission,2019-06,1015260.8451
Outer Mission,2019-07,1020356.0072
Outer Mission,2019-08,1026985.96235
Outer Mission,2019-09,1034591.50535
Outer Mission,2019-10,1039409.0248
Outer Mission,2019-11,1044345.04635
Outer Mission,2019-12,1048485.1933
Outer Mission,2020-01,1054993.291
Outer Mission,2020-02,1061533.29635
Outer Mission,2020-03,1068705.7665
Outer Mission,2020-04,1072180.8825
Outer Mission,2020-05,1069476.2205
Outer Mission,2020-06,1061057.2755
Outer Mission,2020-07,1055937.39195
Outer Mission,2020-08,1058681.33835
Outer Mission,2020-09,1067222.884
Outer Mission,2020-10,1073558.0235
Outer Mission,2020-11,1076767.6695
Outer Mission,2020-12,1076264.2955
Outer Mission,2021-01,1074166.3765
Outer Mission,2021-02,1071711.038
Outer Mission,2021-03,1071760.417
Outer Mission,2021-04,1075304.739
Outer Mission,2021-05,1082392.567
Outer Mission,2021-06,1092408.194
Outer Mission,2021-07,1103090.8420000002
Outer Mission,2021-08,1107887.2685
Outer Mission,2021-09,1106531.4315
Outer Mission,2021-10,1103970.4045000002
Outer Mission,2021-11,1105962.084
Outer Mission,2021-12,1108080.9995
Outer Mission,2022-01,1113439.2585
Outer Mission,2022-02,1122727.5035
Outer Mission,2022-03,1136804.3005
Outer Mission,2022-04,1146410.7985
Outer Mission,2022-05,1148777.5515
Outer Mission,2022-06,1143363.2085
Outer Mission,2022-07,1132100.312
Outer Mission,2022-08,1115529.9635
Outer Mission,2022-09,1096647.3169999998
Outer Mission,2022-10,1079523.639
Outer Mission,2022-11,1064433.144
Outer Mission,2022-12,1051771.621
Outer Richmond,2018-01,1727291.19875
Outer Richmond,2018-02,1742596.1935
Outer Richmond,2018-03,1753455.01775
Outer Richmond,2018-04,1762982.5395
Outer Richmond,2018-05,1774645.91325
Outer Richmond,2018-06,1785346.87075
Outer Richmond,2018-07,1780494.7495
Outer Richmond,2018-08,1771410.134
Outer Richmond,2018-09,1763944.2325
Outer Richmond,2018-10,1766062.44675
Outer Richmond,2018-11,1768349.97125
Outer Richmond,2018-12,1764071.72075
Outer Richmond,2019-01,1755475.6615
Outer Richmond,2019-02,1739798.37025
Outer Richmond,2019-03,1728846.8450000002
Outer Richmond,2019-04,1725182.6285
Outer Richmond,2019-05,1730009.333
Outer Richmond,2019-06,1740069.7685
Outer Richmond,2019-07,1753835.829
Outer Richmond,2019-08,1769581.15625
Outer Richmond,2019-09,1780845.9405
Outer Richmond,2019-10,1789536.682
Outer Richmond,2019-11,1798756.1974999998
Outer Richmond,2019-12,1809421.69825
Outer Richmond,2020-01,1817764.6545
Outer Richmond,2020-02,1822382.85125
Outer Richmond,2020-03,1829837.437
Outer Richmond,2020-04,1832971.7215
Outer Richmond,2020-05,1826529.18025
Outer Richmond,2020-06,1806818.88125
Outer Richmond,2020-07,1795790.0175
Outer Richmond,2020-08,1801462.87225
Outer Richmond,2020-09,1820865.60025
Outer Richmond,2020-10,1834826.36075
Outer Richmond,2020-11,1845661.8105
Outer Richmond,2020-12,1854191.117
Outer Richmond,2021-01,1861317.16975
Outer Richmond,2021-02,1864047.40925
Outer Richmond,2021-03,1867382.882
Outer Richmond,2021-04,1875092.77175
Outer Richmond,2021-05,1892414.09025
Outer Richmond,2021-06,1915321.37025
Outer Richmond,2021-07,1946079.827
Outer Richmond,2021-08,1971677.2885
Outer Richmond,2021-09,1990844.78775
Outer Richmond,2021-10,2001333.637
Outer Richmond,2021-11,2014275.51625
Outer Richmond,2021-12,2025839.12525
Outer Richmond,2022-01,2039703.58075
Outer Richmond,2022-02,2059037.03025
Outer Richmond,2022-03,2084681.789
Outer Richmond,2022-04,2102944.39925
Outer Richmond,2022-05,2103874.506
Outer Richmond,2022-06,2085675.029
Outer Richmond,2022-07,2053869.87675
Outer Richmond,2022-08,2011029.546
Outer Richmond,2022-09,1962720.59825
Outer Richmond,2022-10,1921577.88675
Outer Richmond,2022-11,1889390.60675
Outer Richmond,2022-12,1860071.2315
Pacific Heights,2018-01,1517317.3175
Pacific Heights,2018-02,1525183.2825
Pacific Heights,2018-03,1531449.7055
Pacific Heights,2018-04,1536579.403
Pacific Heights,2018-05,1545400.6845
Pacific Heights,2018-06,1554025.7225
Pacific Heights,2018-07,1554484.5265000002
Pacific Heights,2018-08,1553229.989
Pacific Heights,2018-09,1554426.786
Pacific Heights,2018-10,1561245.515
Pacific Heights,2018-11,1570110.909
Pacific Heights,2018-12,1573023.2835
Pacific Heights,2019-01,1572484.0705
Pacific Heights,2019-02,1562773.0295000002
Pacific Heights,2019-03,1555240.8515
Pacific Heights,2019-04,1552959.0355
Pacific Heights,2019-05,1556335.3335
Pacific Heights,2019-06,1561308.9895
Pacific Heights,2019-07,1566582.4635
Pacific Heights,2019-08,1574148.924
Pacific Heights,2019-09,1582115.88
Pacific Heights,2019-10,1588722.0945
Pacific Heights,2019-11,1593505.209
Pacific Heights,2019-12,1597488.878
Pacific Heights,2020-01,1604746.253
Pacific Heights,2020-02,1612228.631
Pacific Heights,2020-03,1619408.674
Pacific Heights,2020-04,1621260.1475
Pacific Heights,2020-05,1617243.138
Pacific Heights,2020-06,1607077.7345
Pacific Heights,2020-07,1596834.5515
Pacific Heights,2020-08,1592250.04
Pacific Heights,2020-09,1592777.47
Pacific Heights,2020-10,1591610.6275
Pacific Heights,2020-11,1588227.802
Pacific Heights,2020-12,1583332.637
Pacific Heights,2021-01,1577766.8569999998
Pacific Heights,2021-02,1571053.858
Pacific Heights,2021-03,1567618.666
Pacific Heights,2021-04,1567305.9535
Pacific Heights,2021-05,1576205.0815
Pacific Heights,2021-06,1587202.495
Pacific Heights,2021-07,1605888.7975
Pacific Heights,2021-08,1625053.9105
Pacific Heights,2021-09,1644257.6615
Pacific Heights,2021-10,1661349.771
Pacific Heights,2021-11,1680132.02
Pacific Heights,2021-12,1698847.6055
Pacific Heights,2022-01,1707782.2725
Pacific Heights,2022-02,1710009.229
Pacific Heights,2022-03,1715421.4985
Pacific Heights,2022-04,1724612.3505000002
Pacific Heights,2022-05,1728834.8665
Pacific Heights,2022-06,1718994.1355
Pacific Heights,2022-07,1696029.0475
Pacific Heights,2022-08,1664076.9675
Pacific Heights,2022-09,1626441.939
Pacific Heights,2022-10,1598292.4155
Pacific Heights,2022-11,1579141.521
Pacific Heights,2022-12,1565964.6655
Portola,2018-01,951892.4122
Portola,2018-02,958601.31175
Portola,2018-03,962805.6448
Portola,2018-04,964476.91085
Portola,2018-05,971373.48925
Portola,2018-06,977899.84245
Portola,2018-07,980602.6331
Portola,2018-08,979506.3606
Portola,2018-09,978985.3113
Portola,2018-10,983029.5084
Portola,2018-11,986619.01085
Portola,2018-12,987260.53235
Portola,2019-01,985679.84635
Portola,2019-02,981320.4712
Portola,2019-03,977284.1372
Portola,2019-04,976224.25395
Portola,2019-05,978364.819
Portola,2019-06,983468.5428
Portola,2019-07,989346.24705
Portola,2019-08,997013.67335
Portola,2019-09,1003690.81625
Portola,2019-10,1008579.6298
Portola,2019-11,1014227.7226
Portola,2019-12,1021162.4955
Portola,2020-01,1028989.3565
Portola,2020-02,1034167.1655
Portola,2020-03,1038330.378
Portola,2020-04,1039350.8855
Portola,2020-05,1036587.996
Portola,2020-06,1029011.842
Portola,2020-07,1024562.315
Portola,2020-08,1028524.7925
Portola,2020-09,1037494.666
Portola,2020-10,1044249.494
Portola,2020-11,1047502.5855
Portola,2020-12,1048954.8235
Portola,2021-01,1049625.3645
Portola,2021-02,1049391.6515
Portola,2021-03,1052707.4465
Portola,2021-04,1060103.487
Portola,2021-05,1071639.193
Portola,2021-06,1084115.3715
Portola,2021-07,1099286.3824999998
Portola,2021-08,1109537.1785
Portola,2021-09,1115775.8285
Portola,2021-10,1118809.2884999998
Portola,2021-11,1124426.0954999998
Portola,2021-12,1127784.415
Portola,2022-01,1131543.1395
Portola,2022-02,1138884.6845
Portola,2022-03,1152663.878
Portola,2022-04,1164561.093
Portola,2022-05,1171103.6845
Portola,2022-06,1169534.131
Portola,2022-07,1161268.7185
Portola,2022-08,1145824.705
Portola,2022-09,1126946.606
Portola,2022-10,1109772.969
Portola,2022-11,1094734.4395
Portola,2022-12,1080113.3
Potrero Hill,2018-01,938480.9218
Potrero Hill,2018-02,943244.195625
Potrero Hill,2018-03,949303.1854
Potrero Hill,2018-04,951537.28665
Potrero Hill,2018-05,954504.422
Potrero Hill,2018-06,956168.09815
Potrero Hill,2018-07,956565.1157
Potrero Hill,2018-08,954333.74925
Potrero Hill,2018-09,952544.497725
Potrero Hill,2018-10,953570.67925
Potrero Hill,2018-11,954624.912725
Potrero Hill,2018-12,953398.0946
Potrero Hill,2019-01,949514.3595
Potrero Hill,2019-02,944091.272925
Potrero Hill,2019-03,939360.29525
Potrero Hill,2019-04,937874.6305
Potrero Hill,2019-05,938774.673675
Potrero Hill,2019-06,941655.507525
Potrero Hill,2019-07,944365.661625
Potrero Hill,2019-08,948386.070925
Potrero Hill,2019-09,951401.799875
Potrero Hill,2019-10,955055.5696
Potrero Hill,2019-11,959424.361425
Potrero Hill,2019-12,965422.909425
Potrero Hill,2020-01,968799.7071
Potrero Hill,2020-02,968521.06675
Potrero Hill,2020-03,967149.849275
Potrero Hill,2020-04,967228.917025
Potrero Hill,2020-05,966459.4973
Potrero Hill,2020-06,963029.36165
Potrero Hill,2020-07,958605.49265
Potrero Hill,2020-08,957796.560125
Potrero Hill,2020-09,958330.59125
Potrero Hill,2020-10,958920.440525
Potrero Hill,2020-11,959306.51715
Potrero Hill,2020-12,959585.463025
Potrero Hill,2021-01,959400.577025
Potrero Hill,2021-02,956111.903975
Potrero Hill,2021-03,952855.415875
Potrero Hill,2021-04,950372.597425
Potrero Hill,2021-05,952959.070225
Potrero Hill,2021-06,956849.925225
Potrero Hill,2021-07,962357.47775
Potrero Hill,2021-08,965941.890025
Potrero Hill,2021-09,970703.3084
Potrero Hill,2021-10,975523.251575
Potrero Hill,2021-11,982946.019875
Potrero Hill,2021-12,988132.00905
Potrero Hill,2022-01,994203.560275
Potrero Hill,2022-02,1001240.39125
Potrero Hill,2022-03,1010050.040975
Potrero Hill,2022-04,1017352.5808
Potrero Hill,2022-05,1017668.3422
Potrero Hill,2022-06,1011977.2894
Potrero Hill,2022-07,1000735.131325
Potrero Hill,2022-08,985748.150775
Potrero Hill,2022-09,969021.75575
Potrero Hill,2022-10,954096.118775
Potrero Hill,2022-11,941559.458325
Potrero Hill,2022-12,930526.158775
Presidio,2018-01,1253494.98
Presidio,2018-02,1261683.576
Presidio,2018-03,1270947.282
Presidio,2018-04,1283760.533
Presidio,2018-05,1305832.488
Presidio,2018-06,1330711.0444999998
Presidio,2018-07,1348138.7655
Presidio,2018-08,1346569.129
Presidio,2018-09,1333553.622
Presidio,2018-10,1318845.5720000002
Presidio,2018-11,1313269.659
Presidio,2018-12,1309144.229
Presidio,2019-01,1319014.6115
Presidio,2019-02,1324158.5195
Presidio,2019-03,1334015.131
Presidio,2019-04,1339917.722
Presidio,2019-05,1347425.977
Presidio,2019-06,1359237.2335
Presidio,2019-07,1376373.312
Presidio,2019-08,1392198.269
Presidio,2019-09,1399003.222
Presidio,2019-10,1393628.8199999998
Presidio,2019-11,1392106.7255
Presidio,2019-12,1398139.1579999998
Presidio,2020-01,1413430.2245
Presidio,2020-02,1434636.6115
Presidio,2020-03,1462104.827
Presidio,2020-04,1485780.7585
Presidio,2020-05,1499429.4745
Presidio,2020-06,1495795.1675
Presidio,2020-07,1481844.67
Presidio,2020-08,1458818.5720000002
Presidio,2020-09,1437820.7615
Presidio,2020-10,1414591.3675000002
Presidio,2020-11,1375438.564
Presidio,2020-12,1318947.41
Presidio,2021-01,1264867.7615
Presidio,2021-02,1234476.218
Presidio,2021-03,1222906.602
Presidio,2021-04,1210749.371
Presidio,2021-05,1202745.5375
Presidio,2021-06,1196988.458
Presidio,2021-07,1207957.2680000002
Presidio,2021-08,1229265.25
Presidio,2021-09,1259127.216
Presidio,2021-10,1285649.114
Presidio,2021-11,1312925.6645
Presidio,2021-12,1333352.159
Presidio,2022-01,1343170.3624999998
Presidio,2022-02,1340904.2000000002
Presidio,2022-03,1339695.4945
Presidio,2022-04,1338490.7489999998
Presidio,2022-05,1337330.4215
Presidio,2022-06,1333423.3805
Presidio,2022-07,1318511.6245
Presidio,2022-08,1295947.2495
Presidio,2022-09,1260317.4995
Presidio,2022-10,1230591.9255
Presidio,2022-11,1203137.1968
Presidio,2022-12,1231277.65715
Presidio Heights,2018-01,3779557.089
Presidio Heights,2018-02,3796242.933
Presidio Heights,2018-03,3788262.426
Presidio Heights,2018-04,3792546.481
Presidio Heights,2018-05,3813766.413
Presidio Heights,2018-06,3834509.568
Presidio Heights,2018-07,3793172.759
Presidio Heights,2018-08,3752793.595
Presidio Heights,2018-09,3729810.574
Presidio Heights,2018-10,3752006.199
Presidio Heights,2018-11,3780696.192
Presidio Heights,2018-12,3791217.743
Presidio Heights,2019-01,3783111.324
Presidio Heights,2019-02,3734037.737
Presidio Heights,2019-03,3693811.096
Presidio Heights,2019-04,3666398.077
Presidio Heights,2019-05,3658214.449
Presidio Heights,2019-06,3655447.548
Presidio Heights,2019-07,3653233.437
Presidio Heights,2019-08,3666629.114
Presidio Heights,2019-09,3680914.4
Presidio Heights,2019-10,3694370.857
Presidio Heights,2019-11,3698889.165
Presidio Heights,2019-12,3696972.791
Presidio Heights,2020-01,3701881.937
Presidio Heights,2020-02,3715833.741
Presidio Heights,2020-03,3727873.145
Presidio Heights,2020-04,3729309.782
Presidio Heights,2020-05,3709458.69
Presidio Heights,2020-06,3672456.452
Presidio Heights,2020-07,3645891.529
Presidio Heights,2020-08,3648533.78
Presidio Heights,2020-09,3682034.985
Presidio Heights,2020-10,3702069.463
Presidio Heights,2020-11,3719160.135
Presidio Heights,2020-12,3724135.396
Presidio Heights,2021-01,3736921.371
Presidio Heights,2021-02,3731616.017
Presidio Heights,2021-03,3731657.69
Presidio Heights,2021-04,3734834.183
Presidio Heights,2021-05,3763524.208
Presidio Heights,2021-06,3796535.526
Presidio Heights,2021-07,3848456.729
Presidio Heights,2021-08,3905386.422
Presidio Heights,2021-09,3968558.156
Presidio Heights,2021-10,4024715.089
Presidio Heights,2021-11,4084662.322
Presidio Heights,2021-12,4141071.463
Presidio Heights,2022-01,4196599.957
Presidio Heights,2022-02,4238075.929
Presidio Heights,2022-03,4298927.581
Presidio Heights,2022-04,4338605.315
Presidio Heights,2022-05,4355107.09
Presidio Heights,2022-06,4332085.588
Presidio Heights,2022-07,4292251.837
Presidio Heights,2022-08,4234078.262
Presidio Heights,2022-09,4141225.303
Presidio Heights,2022-10,4051150.332
Presidio Heights,2022-11,3974511.506
Presidio Heights,2022-12,3913837.521
Russian Hill,2018-01,1610648.325
Russian Hill,2018-02,1621427.417
Russian Hill,2018-03,1630900.23
Russian Hill,2018-04,1636248.7095
Russian Hill,2018-05,1643512.3235
Russian Hill,2018-06,1648521.4989999998
Russian Hill,2018-07,1643527.8990000002
Russian Hill,2018-08,1636567.543
Russian Hill,2018-09,1631608.084
Russian Hill,2018-10,1636400.211
Russian Hill,2018-11,1641610.6655
Russian Hill,2018-12,1642295.6485
Russian Hill,2019-01,1638580.6625
Russian Hill,2019-02,1625755.9874999998
Russian Hill,2019-03,1613626.1995
Russian Hill,2019-04,1606820.5444999998
Russian Hill,2019-05,1607082.834
Russian Hill,2019-06,1611686.8775
Russian Hill,2019-07,1618706.4675
Russian Hill,2019-08,1628174.0735
Russian Hill,2019-09,1636889.065
Russian Hill,2019-10,1644884.5655
Russian Hill,2019-11,1650409.3080000002
Russian Hill,2019-12,1654109.582
Russian Hill,2020-01,1653816.8035
Russian Hill,2020-02,1650890.164
Russian Hill,2020-03,1647727.121
Russian Hill,2020-04,1643314.1405000002
Russian Hill,2020-05,1634984.8930000002
Russian Hill,2020-06,1621058.571
Russian Hill,2020-07,1609602.79
Russian Hill,2020-08,1605935.06
Russian Hill,2020-09,1607769.11
Russian Hill,2020-10,1606247.2105
Russian Hill,2020-11,1603595.8735000002
Russian Hill,2020-12,1599682.889
Russian Hill,2021-01,1598070.5765
Russian Hill,2021-02,1593982.087
Russian Hill,2021-03,1592539.1124999998
Russian Hill,2021-04,1591276.868
Russian Hill,2021-05,1598462.582
Russian Hill,2021-06,1609405.1195
Russian Hill,2021-07,1631625.7115
Russian Hill,2021-08,1654723.5605
Russian Hill,2021-09,1678082.0535
Russian Hill,2021-10,1696671.021
Russian Hill,2021-11,1718090.332
Russian Hill,2021-12,1738158.4870000002
Russian Hill,2022-01,1749020.6955
Russian Hill,2022-02,1752940.4725
Russian Hill,2022-03,1755127.265
Russian Hill,2022-04,1758857.066
Russian Hill,2022-05,1754877.5265000002
Russian Hill,2022-06,1738240.623
Russian Hill,2022-07,1711308.5325000002
Russian Hill,2022-08,1675132.5485
Russian Hill,2022-09,1635547.2505
Russian Hill,2022-10,1601608.6515
Russian Hill,2022-11,1576236.6355
Russian Hill,2022-12,1555414.591
Seacliff,2018-01,3364246.557
Seacliff,2018-02,3368682.511
Seacliff,2018-03,3358730.537
Seacliff,2018-04,3350540.409
Seacliff,2018-05,3359835.578
Seacliff,2018-06,3374413.198
Seacliff,2018-07,3366654.954
Seacliff,2018-08,3363327.657
Seacliff,2018-09,3363992.08
Seacliff,2018-10,3384948.787
Seacliff,2018-11,3400268.158
Seacliff,2018-12,3400033.603
Seacliff,2019-01,3383756.924
Seacliff,2019-02,3339991.901
Seacliff,2019-03,3297456.089
Seacliff,2019-04,3273230.408
Seacliff,2019-05,3271044.881
Seacliff,2019-06,3279594.879
Seacliff,2019-07,3283280.089
Seacliff,2019-08,3295255.496
Seacliff,2019-09,3311206.193
Seacliff,2019-10,3326378.713
Seacliff,2019-11,3343799.496
Seacliff,2019-12,3361234.751
Seacliff,2020-01,3380926.211
Seacliff,2020-02,3392602.347
Seacliff,2020-03,3401906.249
Seacliff,2020-04,3406375.838
Seacliff,2020-05,3391453.433
Seacliff,2020-06,3354884.045
Seacliff,2020-07,3331571.905
Seacliff,2020-08,3336361.246
Seacliff,2020-09,3367428.226
Seacliff,2020-10,3383783.369
Seacliff,2020-11,3404968.279
Seacliff,2020-12,3424139.194
Seacliff,2021-01,3444931.244
Seacliff,2021-02,3454198.311
Seacliff,2021-03,3468481.0
Seacliff,2021-04,3489431.462
Seacliff,2021-05,3524600.206
Seacliff,2021-06,3567440.961
Seacliff,2021-07,3634909.818
Seacliff,2021-08,3694724.247
Seacliff,2021-09,3745905.558
Seacliff,2021-10,3782443.587
Seacliff,2021-11,3816958.997
Seacliff,2021-12,3840242.204
Seacliff,2022-01,3870093.993
Seacliff,2022-02,3921648.55
Seacliff,2022-03,4004802.927
Seacliff,2022-04,4058957.988
Seacliff,2022-05,4088385.893
Seacliff,2022-06,4075396.212
Seacliff,2022-07,4035892.217
Seacliff,2022-08,3959937.797
Seacliff,2022-09,3865012.278
Seacliff,2022-10,3780244.161
Seacliff,2022-11,3713179.362
Seacliff,2022-12,3663083.98
South of Market,2018-01,965858.9984
South of Market,2018-02,968737.6433
South of Market,2018-03,971671.5147
South of Market,2018-04,972951.4017
South of Market,2018-05,976384.2121
South of Market,2018-06,979788.7369
South of Market,2018-07,980952.431
South of Market,2018-08,979664.8161
South of Market,2018-09,979769.0166
South of Market,2018-10,981752.1707
South of Market,2018-11,984115.6933
South of Market,2018-12,984666.4102
South of Market,2019-01,982401.2088
South of Market,2019-02,977167.3615
South of Market,2019-03,971507.6665
South of Market,2019-04,968714.5009
South of Market,2019-05,968861.865
South of Market,2019-06,970867.7083
South of Market,2019-07,974315.9235
South of Market,2019-08,978696.3623
South of Market,2019-09,982485.0948
South of Market,2019-10,986448.0902
South of Market,2019-11,990747.5024
South of Market,2019-12,996190.9752
South of Market,2020-01,997055.3089
South of Market,2020-02,994121.4051
South of Market,2020-03,987485.8565
South of Market,2020-04,981913.0703
South of Market,2020-05,976281.2731
South of Market,2020-06,970437.3265
South of Market,2020-07,966160.2537
South of Market,2020-08,964409.2489
South of Market,2020-09,964476.159
South of Market,2020-10,964391.2787
South of Market,2020-11,964585.5681
South of Market,2020-12,963553.9661
South of Market,2021-01,961453.3868
South of Market,2021-02,956816.4675
South of Market,2021-03,951773.8322
South of Market,2021-04,946567.0067
South of Market,2021-05,944969.8728
South of Market,2021-06,944437.4495
South of Market,2021-07,945896.6912
South of Market,2021-08,945278.0449
South of Market,2021-09,945211.568
South of Market,2021-10,946622.9729
South of Market,2021-11,952469.0556
South of Market,2021-12,959637.4141
South of Market,2022-01,965407.9068
South of Market,2022-02,968969.218
South of Market,2022-03,972799.7494
South of Market,2022-04,974792.5978
South of Market,2022-05,973046.8374
South of Market,2022-06,965419.0553
South of Market,2022-07,953810.3174
South of Market,2022-08,937965.1017
South of Market,2022-09,919909.4416
South of Market,2022-10,902213.1147
South of Market,2022-11,887619.7034
South of Market,2022-12,875124.7639
Sunset /Parkside,2018-01,1285480.575333333
Sunset /Parkside,2018-02,1296475.9533333334
Sunset /Parkside,2018-03,1306006.0453333333
Sunset /Parkside,2018-04,1315045.9513333333
Sunset /Parkside,2018-05,1328660.3876666666
Sunset /Parkside,2018-06,1341922.7423333332
Sunset /Parkside,2018-07,1347487.1343333332
Sunset /Parkside,2018-08,1348365.7843333334
Sunset /Parkside,2018-09,1349210.007
Sunset /Parkside,2018-10,1353107.0116666667
Sunset /Parkside,2018-11,1353569.7763333332
Sunset /Parkside,2018-12,1347346.729
Sunset /Parkside,2019-01,1338859.4053333334
Sunset /Parkside,2019-02,1329084.502
Sunset /Parkside,2019-03,1321706.2903333334
Sunset /Parkside,2019-04,1318576.738
Sunset /Parkside,2019-05,1318914.2076666665
Sunset /Parkside,2019-06,1325548.075333333
Sunset /Parkside,2019-07,1334472.8296666667
Sunset /Parkside,2019-08,1345006.3136666666
Sunset /Parkside,2019-09,1351711.4556666666
Sunset /Parkside,2019-10,1356223.4336666667
Sunset /Parkside,2019-11,1361345.0706666666
Sunset /Parkside,2019-12,1365905.5796666667
Sunset /Parkside,2020-01,1371438.8246666668
Sunset /Parkside,2020-02,1377242.805333333
Sunset /Parkside,2020-03,1386229.879
Sunset /Parkside,2020-04,1392394.6279999998
Sunset /Parkside,2020-05,1390758.7413333335
Sunset /Parkside,2020-06,1382882.1596666668
Sunset /Parkside,2020-07,1378055.3616666666
Sunset /Parkside,2020-08,1384184.5076666668
Sunset /Parkside,2020-09,1396043.53
Sunset /Parkside,2020-10,1407148.431
Sunset /Parkside,2020-11,1414257.9703333334
Sunset /Parkside,2020-12,1421435.4823333337
Sunset /Parkside,2021-01,1425608.285
Sunset /Parkside,2021-02,1429036.052
Sunset /Parkside,2021-03,1433112.1256666668
Sunset /Parkside,2021-04,1443229.6723333334
Sunset /Parkside,2021-05,1459174.0240000002
Sunset /Parkside,2021-06,1477957.0669999998
Sunset /Parkside,2021-07,1494318.427
Sunset /Parkside,2021-08,1502216.7623333335
Sunset /Parkside,2021-09,1502647.339
Sunset /Parkside,2021-10,1502807.665
Sunset /Parkside,2021-11,1508565.4613333333
Sunset /Parkside,2021-12,1517124.334
Sunset /Parkside,2022-01,1530209.8463333333
Sunset /Parkside,2022-02,1548557.7606666666
Sunset /Parkside,2022-03,1570725.7056666666
Sunset /Parkside,2022-04,1586169.146
Sunset /Parkside,2022-05,1590838.368
Sunset /Parkside,2022-06,1582695.1983333332
Sunset /Parkside,2022-07,1566334.6253333334
Sunset /Parkside,2022-08,1543153.4866666666
Sunset /Parkside,2022-09,1517067.8286666663
Sunset /Parkside,2022-10,1494423.8796666667
Sunset /Parkside,2022-11,1475392.1403333333
Sunset /Parkside,2022-12,1459726.035
Tenderloin,2018-01,871116.7852333332
Tenderloin,2018-02,874108.2149
Tenderloin,2018-03,878725.4634666666
Tenderloin,2018-04,882622.7648666665
Tenderloin,2018-05,886625.6046666667
Tenderloin,2018-06,888539.1893000001
Tenderloin,2018-07,887199.7751666667
Tenderloin,2018-08,884790.0936666667
Tenderloin,2018-09,884908.4128
Tenderloin,2018-10,887134.864
Tenderloin,2018-11,889199.7704000002
Tenderloin,2018-12,888232.9568666667
Tenderloin,2019-01,884260.6418333333
Tenderloin,2019-02,876525.4332666667
Tenderloin,2019-03,867769.6276666666
Tenderloin,2019-04,862458.6878000001
Tenderloin,2019-05,861111.7801666666
Tenderloin,2019-06,862700.8084666667
Tenderloin,2019-07,866546.2222333333
Tenderloin,2019-08,871732.0435
Tenderloin,2019-09,876787.8134333333
Tenderloin,2019-10,881659.4519333333
Tenderloin,2019-11,885777.4339
Tenderloin,2019-12,889742.1917
Tenderloin,2020-01,889308.1612999999
Tenderloin,2020-02,884199.1346999999
Tenderloin,2020-03,876319.7978333334
Tenderloin,2020-04,869353.0987666667
Tenderloin,2020-05,863613.9847666668
Tenderloin,2020-06,858053.6333333334
Tenderloin,2020-07,854169.0005666666
Tenderloin,2020-08,854172.9264666666
Tenderloin,2020-09,856387.4206666667
Tenderloin,2020-10,857326.0767666666
Tenderloin,2020-11,856254.8489333332
Tenderloin,2020-12,853213.7367666666
Tenderloin,2021-01,849913.7995000001
Tenderloin,2021-02,844543.3976000001
Tenderloin,2021-03,839622.3362666667
Tenderloin,2021-04,834117.0059666667
Tenderloin,2021-05,832998.4715
Tenderloin,2021-06,833707.3725666666
Tenderloin,2021-07,838665.9483333332
Tenderloin,2021-08,842648.1652333332
Tenderloin,2021-09,846338.8603666667
Tenderloin,2021-10,850230.2429666667
Tenderloin,2021-11,857890.0454666667
Tenderloin,2021-12,864922.0636333333
Tenderloin,2022-01,867917.4948666667
Tenderloin,2022-02,867373.1286999999
Tenderloin,2022-03,866555.2872666667
Tenderloin,2022-04,865856.1378
Tenderloin,2022-05,861775.5849666666
Tenderloin,2022-06,853948.8536666665
Tenderloin,2022-07,841982.1703666666
Tenderloin,2022-08,828726.9749666667
Tenderloin,2022-09,814474.9798333334
Tenderloin,2022-10,802369.3042333332
Tenderloin,2022-11,791374.8341666666
Tenderloin,2022-12,781749.0432666666
Twin Peaks,2018-01,1462009.8598
Twin Peaks,2018-02,1472352.7759
Twin Peaks,2018-03,1481661.471625
Twin Peaks,2018-04,1489482.79735
Twin Peaks,2018-05,1502324.2227500002
Twin Peaks,2018-06,1513976.3988
Twin Peaks,2018-07,1516373.422825
Twin Peaks,2018-08,1513236.1498250002
Twin Peaks,2018-09,1509882.257275
Twin Peaks,2018-10,1510172.6474
Twin Peaks,2018-11,1508967.236075
Twin Peaks,2018-12,1503946.319425
Twin Peaks,2019-01,1497133.504075
Twin Peaks,2019-02,1412400.98122
Twin Peaks,2019-03,1406157.26556
Twin Peaks,2019-04,1405317.42822
Twin Peaks,2019-05,1407651.1549
Twin Peaks,2019-06,1413912.38798
Twin Peaks,2019-07,1421300.5394
Twin Peaks,2019-08,1431125.15572
Twin Peaks,2019-09,1438981.81824
Twin Peaks,2019-10,1444847.50666
Twin Peaks,2019-11,1450160.47608
Twin Peaks,2019-12,1455361.8384
Twin Peaks,2020-01,1459908.8342799998
Twin Peaks,2020-02,1462334.1302
Twin Peaks,2020-03,1466879.2767
Twin Peaks,2020-04,1470225.61454
Twin Peaks,2020-05,1468859.0035
Twin Peaks,2020-06,1459337.48806
Twin Peaks,2020-07,1452180.4161800002
Twin Peaks,2020-08,1454150.20622
Twin Peaks,2020-09,1462963.00734
Twin Peaks,2020-10,1470258.5244
Twin Peaks,2020-11,1475627.9492
Twin Peaks,2020-12,1479188.0342
Twin Peaks,2021-01,1479525.4902
Twin Peaks,2021-02,1476599.5366
Twin Peaks,2021-03,1476042.8424
Twin Peaks,2021-04,1481874.2552
Twin Peaks,2021-05,1496102.2354
Twin Peaks,2021-06,1513770.5752
Twin Peaks,2021-07,1531625.8702
Twin Peaks,2021-08,1542857.7382
Twin Peaks,2021-09,1549752.3906
Twin Peaks,2021-10,1556672.3539999998
Twin Peaks,2021-11,1569312.2114
Twin Peaks,2021-12,1582804.1026
Twin Peaks,2022-01,1595357.6656
Twin Peaks,2022-02,1608881.5122
Twin Peaks,2022-03,1625837.059
Twin Peaks,2022-04,1638915.793
Twin Peaks,2022-05,1643302.935
Twin Peaks,2022-06,1634050.9022
Twin Peaks,2022-07,1613893.1438000002
Twin Peaks,2022-08,1582651.092
Twin Peaks,2022-09,1545747.135
Twin Peaks,2022-10,1514586.3124
Twin Peaks,2022-11,1490809.9014
Twin Peaks,2022-12,1472301.14284
Visitacion Valley,2018-01,805443.174
Visitacion Valley,2018-02,811325.6591
Visitacion Valley,2018-03,816348.22955
Visitacion Valley,2018-04,819598.8857
Visitacion Valley,2018-05,826377.1301
Visitacion Valley,2018-06,833043.949
Visitacion Valley,2018-07,836581.50275
Visitacion Valley,2018-08,836464.72155
Visitacion Valley,2018-09,835124.1725
Visitacion Valley,2018-10,835975.3759999999
Visitacion Valley,2018-11,836317.0304
Visitacion Valley,2018-12,835801.69135
Visitacion Valley,2019-01,833853.129
Visitacion Valley,2019-02,832183.0124
Visitacion Valley,2019-03,830581.09305
Visitacion Valley,2019-04,831486.53255
Visitacion Valley,2019-05,833049.76645
Visitacion Valley,2019-06,836929.4611500001
Visitacion Valley,2019-07,841325.9856499999
Visitacion Valley,2019-08,846046.2186499999
Visitacion Valley,2019-09,850444.6148999999
Visitacion Valley,2019-10,854233.4683000001
Visitacion Valley,2019-11,859473.3701
Visitacion Valley,2019-12,864931.9238
Visitacion Valley,2020-01,871020.77975
Visitacion Valley,2020-02,877524.9466
Visitacion Valley,2020-03,884803.0226499999
Visitacion Valley,2020-04,890537.42195
Visitacion Valley,2020-05,891685.52975
Visitacion Valley,2020-06,887326.3376
Visitacion Valley,2020-07,883494.24385
Visitacion Valley,2020-08,885588.1099
Visitacion Valley,2020-09,892075.67675
Visitacion Valley,2020-10,897263.4343
Visitacion Valley,2020-11,899513.84195
Visitacion Valley,2020-12,898834.05585
Visitacion Valley,2021-01,897516.39475
Visitacion Valley,2021-02,895903.3542500001
Visitacion Valley,2021-03,897101.07725
Visitacion Valley,2021-04,902083.15695
Visitacion Valley,2021-05,909712.43395
Visitacion Valley,2021-06,918994.9619
Visitacion Valley,2021-07,927951.1272
Visitacion Valley,2021-08,932539.49145
Visitacion Valley,2021-09,933444.5665
Visitacion Valley,2021-10,932909.6144
Visitacion Valley,2021-11,935716.211
Visitacion Valley,2021-12,937706.1641
Visitacion Valley,2022-01,942679.5964
Visitacion Valley,2022-02,951639.57805
Visitacion Valley,2022-03,966091.69695
Visitacion Valley,2022-04,978141.0758
Visitacion Valley,2022-05,984883.33115
Visitacion Valley,2022-06,984789.4232
Visitacion Valley,2022-07,978784.6471
Visitacion Valley,2022-08,967175.37295
Visitacion Valley,2022-09,951860.0547
Visitacion Valley,2022-10,936885.8842
Visitacion Valley,2022-11,923277.10345
Visitacion Valley,2022-12,911100.95935
West of Twin Peaks,2018-01,1803450.7135833332
West of Twin Peaks,2018-02,1820808.1544166664
West of Twin Peaks,2018-03,1835731.528583333
West of Twin Peaks,2018-04,1847864.2190833332
West of Twin Peaks,2018-05,1863418.2008333332
West of Twin Peaks,2018-06,1876583.12875
West of Twin Peaks,2018-07,1877363.8404166668
West of Twin Peaks,2018-08,1873831.941666667
West of Twin Peaks,2018-09,1868742.24625
West of Twin Peaks,2018-10,1869488.02075
West of Twin Peaks,2018-11,1865935.2979166664
West of Twin Peaks,2018-12,1857389.9424166668
West of Twin Peaks,2019-01,1847480.8639166665
West of Twin Peaks,2019-02,1834459.25125
West of Twin Peaks,2019-03,1825376.56525
West of Twin Peaks,2019-04,1822622.1663333331
West of Twin Peaks,2019-05,1823670.3570833332
West of Twin Peaks,2019-06,1828570.5091666663
West of Twin Peaks,2019-07,1834241.704
West of Twin Peaks,2019-08,1843733.4459166664
West of Twin Peaks,2019-09,1853513.9755
West of Twin Peaks,2019-10,1861641.9334166667
West of Twin Peaks,2019-11,1868626.1000833332
West of Twin Peaks,2019-12,1873795.5551666664
West of Twin Peaks,2020-01,1880770.3465
West of Twin Peaks,2020-02,1889131.1441666668
West of Twin Peaks,2020-03,1902873.6695833332
West of Twin Peaks,2020-04,1911691.351
West of Twin Peaks,2020-05,1910864.11625
West of Twin Peaks,2020-06,1893443.4355
West of Twin Peaks,2020-07,1878673.1891666667
West of Twin Peaks,2020-08,1877583.6729166664
West of Twin Peaks,2020-09,1889589.784083333
West of Twin Peaks,2020-10,1897961.70225
West of Twin Peaks,2020-11,1901416.563833333
West of Twin Peaks,2020-12,1901540.2791666668
West of Twin Peaks,2021-01,1900808.0421666668
West of Twin Peaks,2021-02,1900676.8889166664
West of Twin Peaks,2021-03,1905426.6274166664
West of Twin Peaks,2021-04,1920121.2994166664
West of Twin Peaks,2021-05,1943672.281
West of Twin Peaks,2021-06,1973422.3970833332
West of Twin Peaks,2021-07,2000349.6273333333
West of Twin Peaks,2021-08,2015379.0859166663
West of Twin Peaks,2021-09,2018551.59975
West of Twin Peaks,2021-10,2022451.9405833331
West of Twin Peaks,2021-11,2034838.5749166664
West of Twin Peaks,2021-12,2050301.2095
West of Twin Peaks,2022-01,2065683.213333333
West of Twin Peaks,2022-02,2082424.0144166667
West of Twin Peaks,2022-03,2104880.208083333
West of Twin Peaks,2022-04,2122348.074583333
West of Twin Peaks,2022-05,2130179.4363333336
West of Twin Peaks,2022-06,2123068.19975
West of Twin Peaks,2022-07,2103897.819333333
West of Twin Peaks,2022-08,2073643.647666667
West of Twin Peaks,2022-09,2036500.1601666664
West of Twin Peaks,2022-10,2006568.5798333331
West of Twin Peaks,2022-11,1982816.18325
West of Twin Peaks,2022-12,1963557.4168333332
Western Addition,2018-01,1028972.4191
Western Addition,2018-02,1034937.99715
Western Addition,2018-03,1040905.207725
Western Addition,2018-04,1046103.668425
Western Addition,2018-05,1054609.332425
Western Addition,2018-06,1060691.618675
Western Addition,2018-07,1062771.8425
Western Addition,2018-08,1062089.09455
Western Addition,2018-09,1063440.7751
Western Addition,2018-10,1067410.815775
Western Addition,2018-11,1072801.09505
Western Addition,2018-12,1074763.4177
Western Addition,2019-01,1073017.9187
Western Addition,2019-02,1065011.532875
Western Addition,2019-03,1055879.494325
Western Addition,2019-04,1051147.7511
Western Addition,2019-05,1051272.735775
Western Addition,2019-06,1056699.366675
Western Addition,2019-07,1064579.9074499998
Western Addition,2019-08,1074066.198075
Western Addition,2019-09,1082229.5741
Western Addition,2019-10,1089173.81355
Western Addition,2019-11,1094468.1959
Western Addition,2019-12,1099356.64805
Western Addition,2020-01,1101977.566675
Western Addition,2020-02,1102610.78255
Western Addition,2020-03,1102326.533775
Western Addition,2020-04,1101981.6479250002
Western Addition,2020-05,1099356.876775
Western Addition,2020-06,1093367.1101
Western Addition,2020-07,1086888.408075
Western Addition,2020-08,1083126.0701
Western Addition,2020-09,1081850.98745
Western Addition,2020-10,1081734.1797
Western Addition,2020-11,1082847.809675
Western Addition,2020-12,1083949.17595
Western Addition,2021-01,1084294.610625
Western Addition,2021-02,1080712.97185
Western Addition,2021-03,1077682.21765
Western Addition,2021-04,1074933.4763
Western Addition,2021-05,1078262.11235
Western Addition,2021-06,1082365.888425
Western Addition,2021-07,1090913.374225
Western Addition,2021-08,1100798.460325
Western Addition,2021-09,1111494.90095
Western Addition,2021-10,1120801.944125
Western Addition,2021-11,1132210.976
Western Addition,2021-12,1143986.03535
Western Addition,2022-01,1150710.45435
Western Addition,2022-02,1151220.72375
Western Addition,2022-03,1150628.922375
Western Addition,2022-04,1152581.64765
Western Addition,2022-05,1151514.781725
Western Addition,2022-06,1143241.20445
Western Addition,2022-07,1126703.287875
Western Addition,2022-08,1105755.822775
Western Addition,2022-09,1082914.498625
Western Addition,2022-10,1064080.12945
Western Addition,2022-11,1049605.392575
Western Addition,2022-12,1037987.8981
