Neighborhood,2018-01,2018-02,2018-03,2018-04,2018-05,2018-06,2018-07,2018-08,2018-09,2018-10,2018-11,2018-12,2019-01,2019-02,2019-03,2019-04,2019-05,2019-06,2019-07,2019-08,2019-09,2019-10,2019-11,2019-12,2020-01,2020-02,2020-03,2020-04,2020-05,2020-06,2020-07,2020-08,2020-09,2020-10,2020-11,2020-12,2021-01,2021-02,2021-03,2021-04,2021-05,2021-06,2021-07,2021-08,2021-09,2021-10,2021-11,2021-12,2022-01,2022-02,2022-03,2022-04,2022-05,2022-06,2022-07,2022-08,2022-09,2022-10,2022-11,2022-12
Bayview Hunters Point,831369.3810833334,836834.2487166667,842389.7830166668,846786.6948666667,854780.9713666666,863505.6359999999,870626.2723833333,873806.1160666667,875630.37445,878203.1079166667,880549.95265,880888.3569666668,879147.5966500001,875529.7272,872470.3482333333,871027.9692166667,871641.9142,875291.7455166667,881238.63495,887666.3813666668,892968.8515833333,896654.4511666667,900971.03135,905184.52365,909836.4264833335,913673.8468666667,917614.1756000001,918924.6486333334,916413.2266833334,908900.24295,902844.3019666667,901989.0341500001,905329.3710166666,907321.2015666667,907261.6242999999,904752.6511166667,902353.9741833332,899642.0465833334,899487.1420333333,902680.5875333333,909373.5743,917605.2421666667,925767.3608333333,930153.66885,931747.2066,932344.9364833334,934875.54,936598.7912,936812.0403,938270.0482333334,942821.566,946580.8859833333,947045.5302666667,942304.3578,933254.0111833332,919723.6094,903077.4787166667,887773.05485,873668.90085,860694.5101833333
Bernal Heights,1375102.57325,1387179.9815,1399211.8565,1408955.45375,1423617.59225,1435917.747,1438417.25325,1434586.0505,1430127.46025,1431057.097,1430993.72975,1427391.56125,1421047.696,1409958.03425,1397900.3615,1389583.70725,1385879.27775,1390210.06875,1398301.30175,1410364.923,1418958.37,1423416.0320000001,1426953.442,1430826.673,1438430.5325,1445025.02775,1453784.62225,1458993.11625,1456206.0295,1443259.28725,1433388.44925,1435363.18025,1445602.45725,1451674.5465,1451348.12625,1447733.8657499999,1442363.38125,1437560.8495,1436487.2615,1440748.632,1451094.08975,1461959.15675,1478594.271,1490933.8675,1501491.23175,1506726.17725,1514357.29425,1519725.8095,1524719.6885,1532717.62175,1544773.3960000002,1551734.9585,1550537.70025,1539318.26125,1519911.029,1491201.4045000002,1456723.055,1427157.35675,1402187.7917499999,1380843.0787499999
Castro /Upper Market,1654890.435,1665721.675,1674728.86375,1682072.87475,1695478.68925,1710666.63875,1713891.20325,1710232.599,1704266.0045,1704677.68025,1706552.19475,1703247.3735,1697859.81125,1687409.88725,1679552.91275,1677674.6845,1680832.801,1687424.8475000001,1695148.4015000002,1704838.8915,1713164.3445000001,1720990.08575,1729432.47725,1739488.33425,1747554.7285,1751427.4855,1756487.726,1758655.85075,1752438.4479999999,1735415.9975,1720216.33675,1717642.4205,1722071.27275,1725049.85175,1723654.30125,1717481.11125,1707563.427,1694438.53325,1686475.53375,1686265.1055,1697290.44475,1712061.05225,1732525.21625,1749678.64375,1764089.0285,1773272.38575,1788032.19325,1803847.70225,1816264.965,1826407.77575,1838399.0632500001,1850473.2422500001,1854108.4382500001,1843518.067,1820629.53825,1782846.42475,1739188.3355,1698651.3905,1666802.19475,1638838.163
Chinatown,932036.129,937164.6564,942286.4966,947512.5049,956943.7055,965682.3483,970244.8402,970394.2679,968053.5821,968261.8848,969143.8127,969041.0546,967412.0521,962405.3218,961569.0873,963033.2232,970328.04,977335.0897,986330.2037,993141.4247,996417.758,997902.5948,998062.1979,999894.4897,998630.8503,994559.9729,991122.2506,989538.9208,989384.4514,986466.1471,984401.8249,986127.332,992270.7162,997112.9394,1000219.25,1000438.676,998318.9737,993319.525,986947.5547,982314.5354,983124.1635,986755.2508,995298.6553,1004945.737,1017788.884,1029150.062,1042929.426,1054168.402,1050891.77,1036411.256,1017680.368,1009112.934,1000575.31,988076.4799,970667.8274,950842.5382,930835.6593,914768.7487,905287.6769,900302.4746
Excelsior,971933.2654,980213.4307666667,987760.8448333334,995465.0283333333,1006299.8456666666,1016090.5153333334,1020471.032,1019138.0313333333,1015312.1003333334,1015029.3616666667,1014907.4296666667,1014224.7796666668,1012472.9266666668,1009521.6296666666,1006765.5644333333,1004997.1283666667,1005460.4511666667,1009241.1486666667,1015225.0106666666,1021687.68,1027700.5906666666,1031784.2933333333,1036861.3523333333,1042360.3079999998,1049621.2656666667,1057271.4476666667,1065180.3793333333,1070451.267,1069623.807,1062663.6413333332,1058047.6043333334,1060914.6833333333,1069382.2426666666,1075546.6556666668,1078404.459,1077688.2693333335,1075945.5983333334,1073609.6106666666,1074446.55,1078421.6346666666,1086364.4203333333,1096611.791,1109119.3236666666,1116965.702,1119445.2773333334,1118934.5896666667,1120945.3196666667,1122422.3586666668,1126390.5133333334,1134391.261,1147138.6756666666,1156627.998,1159802.7603333334,1155352.83,1144144.6816666666,1127006.7146666667,1106721.8873333333,1088556.5356666667,1072309.3113333334,1057308.658
Financial District/South Beach,1075949.64815,1078617.740625,1081246.3055750001,1081138.07945,1082698.90685,1084158.253925,1082674.1853,1078670.211375,1075996.74835,1076462.461875,1078376.5621500001,1079015.308025,1078150.611,1074719.455875,1071723.127725,1072483.228825,1074913.049225,1079255.3907,1084119.56405,1090214.418275,1094127.241925,1097637.011025,1101165.7203250001,1105844.82895,1104528.6318,1098727.81,1090075.18055,1084157.064125,1078705.1367,1072430.785125,1066209.4359249999,1062575.1385,1061113.65535,1061537.08115,1063343.840825,1064940.3555,1065053.625775,1061178.220175,1056221.5420000001,1050712.828425,1049820.290925,1051680.9570499999,1061002.1361749999,1073329.778575,1088586.9393,1101637.6210750001,1116142.159,1130108.63625,1137460.8095,1138027.9,1134586.41075,1132122.7604999999,1128000.9457,1119694.225325,1106002.1018,1087941.1554,1067248.42695,1048653.1064,1033664.913425,1019411.603375
Glen Park,1405747.261,1421693.3939999999,1435651.337,1445184.6465,1459732.5695,1472517.362,1476091.804,1472341.993,1466700.0685,1465555.2880000002,1463444.4455,1459725.111,1453628.378,1443433.9394999999,1430463.4875,1423088.5845,1418907.794,1422832.065,1429112.0415,1438637.7415,1445154.0359999998,1448727.4495,1451005.328,1453055.513,1454568.4135,1457263.48,1463066.064,1468850.6400000001,1467102.3555,1455298.7170000002,1446380.298,1448869.4215,1460024.137,1467532.689,1470226.2565000001,1470088.5195,1465390.0635000002,1460513.412,1458073.049,1463969.1205000002,1477063.8215,1493640.7315,1511439.0350000001,1519839.643,1523208.8424999998,1527535.0045,1539239.563,1550170.224,1561304.427,1575819.2635,1593957.7065,1606944.1795,1611279.9845,1605122.2740000002,1586002.8615,1554745.117,1516648.4135,1484598.0335,1458118.5580000002,1438421.3675
Haight Ashbury,1539832.2451250001,1546507.721375,1551877.9445,1555896.613875,1565667.520625,1575476.5363750001,1577415.343625,1575352.52025,1574267.824,1576664.3657499999,1579578.575875,1577114.0115,1574924.08375,1570148.712375,1566981.306375,1569468.26375,1573978.90175,1581143.58675,1586935.590125,1595432.96275,1603591.36025,1611270.279875,1618852.831125,1626417.143625,1630682.25825,1630458.6285,1630633.425,1630429.264625,1624381.2859999998,1610726.492375,1598757.451875,1596168.20025,1599015.456875,1600142.162875,1599872.918625,1598112.5255,1595364.734,1589030.34,1586183.065125,1588750.531625,1601818.77575,1616222.984375,1634407.437375,1649009.301375,1663259.432875,1675066.792375,1692342.940125,1709630.096125,1722872.05525,1732168.2266250001,1742318.02925,1751386.271375,1752046.086125,1741853.839375,1721019.227,1691140.655125,1653438.440125,1619499.4508749999,1591481.72175,1567043.93
Hayes Valley,1138367.356,1147311.411,1153988.84,1159517.461,1166656.242,1172894.495,1175244.28,1175417.148,1176437.984,1180327.224,1183877.256,1182411.088,1177320.477,1169254.895,1163101.195,1162321.281,1165017.59,1168721.874,1171459.674,1176010.274,1181648.393,1189404.685,1195507.483,1202052.074,1205369.896,1205081.904,1204854.638,1202273.048,1196764.516,1185518.231,1176519.513,1172486.198,1170848.129,1167071.658,1162889.221,1157514.94,1153022.715,1145132.937,1138749.378,1130543.473,1126635.133,1123214.498,1129805.288,1140185.582,1155260.722,1168539.649,1185631.912,1200243.245,1206051.368,1202166.439,1196774.554,1194518.098,1192656.56,1184130.382,1167771.682,1146139.665,1124321.446,1108115.139,1094706.876,1078480.875
Inner Richmond,1948172.0040000002,1968511.254,1981078.546,1990287.3839999998,1999887.9760000003,2009589.582,1998800.4265,1983770.7425000002,1973802.2625,1976979.8675,1983866.992,1980189.136,1968809.4655,1945189.3790000002,1924879.9705,1911939.932,1908338.1175,1912910.8045,1924748.1175,1941883.7775,1955162.4585000002,1966024.0825,1974845.2385,1984752.991,1995705.5985,2003192.4700000002,2014103.2105,2018836.6635,2013837.7875,1994829.8584999999,1979845.4244999997,1980936.2920000001,1995032.164,2004060.5945000001,2009542.3805,2011036.1184999999,2013478.852,2010545.1285,2010238.5885,2016848.8605,2038756.131,2066437.654,2097569.6905,2122138.216,2142948.424,2158093.2824999997,2176359.741,2192491.833,2212218.337,2240039.7255,2279918.609,2314023.776,2326623.6865,2309956.4045,2274531.0635,2226152.0335,2170054.2545,2120608.0225,2082715.438,2050317.511
Inner Sunset,1516317.4965,1532675.01,1546821.653,1560850.825,1580836.923,1598084.1834999998,1600817.169,1594057.3505000002,1587411.4674999998,1586637.83,1586616.0125,1580082.9255,1570973.8254999998,1556022.1175,1545188.721,1540275.7659999998,1541145.3495,1547255.4835,1555696.1324999998,1565462.0655,1572945.242,1577818.3645000001,1584981.548,1591813.9054999999,1599837.8725,1607067.8369999998,1618458.937,1624482.962,1618279.363,1601293.7465,1590563.771,1593737.9330000002,1605139.132,1613263.6545000002,1618288.7259999998,1621213.4065,1623398.3465,1624608.6770000001,1628429.7,1638310.8709999998,1656124.5775000001,1679050.957,1703708.8684999999,1721076.8155,1729601.9904999998,1734590.102,1744046.13,1754512.9130000002,1767038.005,1785366.7585,1811265.6445,1832893.0715,1843574.8415,1838916.3275,1820821.9115,1790707.613,1752443.4470000002,1718301.1099999999,1688939.1325,1665054.6085
Japantown,984372.0424,988631.9055,992567.0009,997236.3048,1005188.106,1010089.755,1008660.477,1003985.91,1001924.875,1003581.57,1008133.859,1009430.919,1008804.345,1003414.661,998922.5326,996411.4978,997405.2753,1002479.594,1010271.383,1018427.118,1023946.663,1028125.942,1030878.528,1033294.065,1034916.244,1035616.679,1036939.18,1038251.972,1037136.665,1030314.866,1019403.387,1010142.372,1004945.153,1002148.603,1000206.64,999380.6669,998527.1699,994757.3407,990558.6261,987144.7221,988721.9964,992639.3576,999056.0712,1006046.637,1009518.9,1012834.326,1018603.643,1028636.367,1038956.574,1049215.126,1061014.771,1070991.773,1074716.982,1067904.229,1053530.266,1033549.861,1011628.2,994315.7919,984116.6842,978799.3803
Lakeshore,1345174.4689999998,1354126.4516666667,1363431.581,1370714.0983333334,1382990.7473333334,1394815.3406666666,1401380.1603333335,1402625.859,1400582.1133333333,1401396.8526666667,1400571.6516666666,1397069.4583333333,1391942.5146666665,1384581.9913333333,1378227.2563333332,1375321.162,1376653.705,1383248.216,1392318.2293333334,1400439.6033333335,1404541.173333333,1404016.345,1402713.3699999999,1401476.735,1403139.4236666665,1406859.186,1415131.9883333333,1420173.898,1419877.829,1411938.729,1406787.7833333332,1407980.3753333334,1413857.0250000001,1415992.5803333335,1413785.0373333332,1406414.43,1397830.5236666666,1390390.567,1390743.9083333332,1397868.4606666667,1413418.564,1432662.3503333332,1455809.2183333335,1475731.684333333,1488652.3146666668,1495818.6823333334,1504506.2566666666,1513820.400333333,1523962.0823333336,1533582.8376666668,1544630.789,1553023.8583333334,1556234.5446666665,1551315.045,1537886.8036666668,1514956.649,1487584.618,1464776.8436666664,1447579.148,1434233.2306666665
Lone Mountain/USF,1633995.098,1651130.724,1661248.927,1668473.793,1678325.62,1689555.025,1686790.957,1679533.209,1675127.915,1677352.591,1679858.53,1674309.839,1666260.828,1652157.179,1641702.334,1636524.016,1634411.506,1636373.746,1642461.514,1654982.096,1665706.204,1673582.793,1678654.185,1683325.137,1688025.177,1690807.419,1697082.992,1701159.776,1696846.96,1680879.17,1665616.957,1664939.627,1674734.559,1681437.814,1681991.659,1679478.635,1675654.604,1668581.525,1665010.025,1667534.069,1682187.441,1700052.317,1725192.899,1748471.735,1768478.091,1781799.959,1797198.775,1809449.993,1819080.348,1827309.991,1844552.004,1862107.941,1868970.575,1854070.857,1823870.414,1784666.776,1743654.418,1710339.059,1683434.918,1657997.918
Marina,2248424.7605,2259739.782,2272304.0755,2281627.8710000003,2294380.1845,2304237.343,2295178.6585,2285524.25,2278989.6425,2287589.5485,2294531.657,2293490.9814999998,2288598.6404999997,2267810.646,2248475.541,2237015.4035,2240732.8880000003,2249019.0825,2255069.259,2262536.34,2271745.4375,2283499.763,2290726.8235,2295328.808,2295673.3315000003,2295872.3285,2296198.6365,2296120.599,2286643.9225000003,2267137.051,2248081.3285,2242814.7675,2250906.3545,2258885.5590000004,2265237.454,2264368.894,2263087.3575,2259520.019,2261220.425,2267168.3515,2285959.61,2309801.134,2348785.4515,2383613.7985,2422253.42,2451279.256,2484712.821,2510834.7715,2523948.9195,2531504.046,2542393.6500000004,2554761.61,2553493.1799999997,2532111.3449999997,2498340.1075,2449377.7229999998,2389517.7885,2334218.8655000003,2293639.344,2261636.999
Mission,1155954.1575000002,1161919.2195000001,1168200.889,1173842.182,1182413.6865,1189993.031,1191031.666,1188323.2555,1186183.244,1188292.6030000001,1192301.9575,1193034.8265,1193273.372,1190674.652,1188774.8575,1188486.852,1190899.8560000001,1196909.047,1204141.391,1211674.0669999998,1218252.114,1223514.443,1229337.2999999998,1235513.781,1239549.3195,1239882.041,1239376.5,1239154.6979999999,1236323.273,1228908.759,1222460.0304999999,1220569.187,1220603.6875,1218989.122,1215904.5244999998,1212275.8805,1207136.1065,1199476.3429999999,1194003.8624999998,1189967.198,1193714.8539999998,1197904.739,1209360.1715,1219570.8115,1231503.7385,1240197.4315,1253378.2365,1265562.3195,1272621.807,1273402.271,1273435.676,1275198.6515,1273633.9485,1264174.9355000001,1247958.7655,1225546.3135000002,1200654.953,1177744.3605,1157933.1685000001,1139922.347
Mission Bay,1160609.959,1161785.217,1165086.691,1169662.055,1175712.538,1178895.333,1179919.708,1178278.091,1180870.342,1185346.251,1192900.991,1197071.066,1196092.303,1188858.297,1180210.799,1176566.172,1175623.196,1177619.747,1182036.644,1189788.298,1196768.12,1201946.306,1206822.993,1213652.169,1217907.213,1217970.548,1213908.817,1209819.225,1205860.584,1202019.188,1199635.25,1198576.227,1196831.508,1193716.023,1191695.241,1189458.424,1186663.106,1182284.134,1179142.753,1177607.574,1181195.531,1187404.775,1196136.745,1202904.468,1209497.595,1217077.003,1227968.17,1239411.656,1248128.077,1255534.549,1263536.871,1269456.63,1270329.514,1262341.113,1248288.317,1225895.175,1201081.181,1178356.499,1162131.436,1148743.648
Nob Hill,1059283.872,1061756.817,1063180.3645,1064786.9421,1069433.5854,1073061.7429,1072482.0884,1069394.9874,1067676.1738,1069541.50875,1072321.246,1073043.0185,1071065.1905999999,1064393.1219000001,1058451.89505,1055485.79755,1056536.3205,1059418.5747,1064422.86635,1070727.209,1076062.0603999998,1079872.4662000001,1081753.09925,1083736.52575,1082616.52905,1078751.196,1074804.2002,1072155.2752999999,1068820.5129,1063304.29325,1058209.671,1057677.64075,1059805.52565,1060880.116,1059693.32285,1056993.52345,1052583.19445,1046737.4163,1040081.28405,1035881.3653000001,1036404.2123499999,1040620.112,1049396.59185,1058124.9076,1066102.19625,1071281.26945,1079226.0199000002,1085998.30385,1090003.53935,1091119.0458,1093573.1084,1096598.93305,1095027.46935,1086310.2008500001,1071063.4024,1051939.50165,1031482.35305,1014033.43475,1000035.0779,986730.2579999999
Noe Valley,1822132.749,1840817.873,1855778.137,1866743.257,1883791.682,1901291.121,1902545.106,1897148.152,1888625.82,1890180.359,1890829.366,1887720.548,1879620.897,1863863.853,1848218.476,1840436.987,1839787.644,1846569.021,1856427.513,1870636.15,1882940.593,1893937.468,1905373.438,1917284.104,1924849.849,1924816.635,1926086.635,1925893.708,1919495.632,1899606.512,1884378.498,1883786.808,1895115.892,1904510.015,1909219.242,1908085.212,1902362.205,1893918.878,1889815.413,1892436.469,1904302.508,1920458.557,1948414.024,1972942.055,1996589.502,2013018.581,2035763.471,2055302.976,2066306.349,2075537.809,2087744.703,2100128.977,2102219.226,2088930.324,2058892.723,2010290.18,1955077.526,1907870.304,1872091.599,1843059.367
North Beach,1187394.12025,1198061.379,1207887.1455,1215556.201,1225045.7705,1231966.24325,1230979.2295,1224854.846,1219449.57375,1218848.09075,1221203.00125,1221015.02,1219500.23325,1213251.69375,1207736.93775,1205026.50475,1204343.2455,1207909.52725,1212228.56525,1216980.5505,1217977.896,1219856.9594999999,1223111.77975,1229446.19575,1232460.84875,1233010.99325,1230295.6430000002,1227366.57375,1222035.7645,1214070.60675,1207220.21125,1204292.71575,1203172.3372499999,1200556.03175,1196971.293,1194336.83925,1189785.6172500001,1181520.49125,1173141.445,1164991.0595,1164302.14025,1166129.97025,1175492.3175,1185088.66125,1195722.108,1206023.30775,1218846.5587499999,1231849.6172500001,1239346.226,1243153.6582499999,1244144.42575,1244810.22,1240368.4155000001,1228508.7480000001,1211058.796,1188182.74025,1162543.79025,1137886.552,1118193.796975,1102681.9275
Oceanview/Merced/Ingleside,1077098.4784,1087642.8333,1097344.128575,1106168.5085,1118290.85265,1129657.94275,1135083.768575,1136617.11185,1136670.183125,1139642.49835,1140080.9357500002,1137334.3436,1131882.73505,1124835.1164,1118708.2510250001,1115100.7259499999,1114537.77375,1117928.334975,1124798.8019,1132769.821775,1140647.79875,1145732.27565,1150505.8005,1153247.0471,1157119.180125,1161163.74455,1167386.455275,1170536.48245,1168205.870275,1159090.504,1153442.734475,1156373.366875,1165877.985075,1173978.249275,1179335.319175,1182468.520575,1183377.6544249998,1182647.148725,1184322.5842249999,1192012.519875,1205537.2302,1222748.06875,1239952.188775,1251426.021375,1254792.571,1254673.9194999998,1257076.7995,1260298.03125,1266639.55175,1276588.29575,1290869.0935,1300976.835,1304653.921,1300605.3029999998,1290338.7282500002,1273146.0217499998,1252724.70125,1234244.489375,1218563.12995,1204960.342625
Outer Mission,981673.86845,991156.113,999435.08205,1006743.92965,1017674.04045,1026700.47695,1029808.23425,1027424.9526,1024414.67865,1025490.9608,1025751.311,1024544.68095,1022577.6923,1019790.09925,1016349.1434500001,1013719.69965,1013005.06905,1015260.8450999999,1020356.0072,1026985.9623499999,1034591.50535,1039409.0248,1044345.04635,1048485.1932999999,1054993.291,1061533.29635,1068705.7665000001,1072180.8825,1069476.2205,1061057.2755,1055937.39195,1058681.3383499999,1067222.884,1073558.0235,1076767.6695,1076264.2955,1074166.3765,1071711.038,1071760.417,1075304.739,1082392.567,1092408.1940000001,1103090.8420000002,1107887.2685,1106531.4315,1103970.4045000002,1105962.084,1108080.9995,1113439.2585,1122727.5035,1136804.3005,1146410.7985,1148777.5515,1143363.2085,1132100.312,1115529.9635,1096647.3169999998,1079523.639,1064433.144,1051771.621
Outer Richmond,1727291.19875,1742596.1935,1753455.0177499999,1762982.5395,1774645.91325,1785346.87075,1780494.7495,1771410.134,1763944.2325,1766062.4467500001,1768349.97125,1764071.7207499999,1755475.6615,1739798.37025,1728846.8450000002,1725182.6285,1730009.333,1740069.7685,1753835.829,1769581.15625,1780845.9405,1789536.682,1798756.1974999998,1809421.69825,1817764.6545,1822382.85125,1829837.437,1832971.7215,1826529.18025,1806818.88125,1795790.0175,1801462.87225,1820865.6002500001,1834826.36075,1845661.8105000001,1854191.117,1861317.16975,1864047.40925,1867382.882,1875092.77175,1892414.09025,1915321.3702500002,1946079.827,1971677.2884999998,1990844.78775,2001333.6369999999,2014275.51625,2025839.12525,2039703.58075,2059037.03025,2084681.7889999999,2102944.39925,2103874.506,2085675.029,2053869.87675,2011029.546,1962720.59825,1921577.88675,1889390.60675,1860071.2315000002
Pacific Heights,1517317.3175,1525183.2825,1531449.7055,1536579.403,1545400.6845,1554025.7225000001,1554484.5265000002,1553229.989,1554426.786,1561245.5150000001,1570110.909,1573023.2835,1572484.0705,1562773.0295000002,1555240.8514999999,1552959.0355,1556335.3335,1561308.9895,1566582.4635,1574148.924,1582115.88,1588722.0945000001,1593505.209,1597488.878,1604746.253,1612228.631,1619408.674,1621260.1475,1617243.138,1607077.7345,1596834.5515,1592250.04,1592777.47,1591610.6275,1588227.802,1583332.637,1577766.8569999998,1571053.858,1567618.666,1567305.9535,1576205.0814999999,1587202.495,1605888.7975,1625053.9105,1644257.6615,1661349.771,1680132.02,1698847.6055,1707782.2725,1710009.229,1715421.4985,1724612.3505000002,1728834.8665,1718994.1354999999,1696029.0474999999,1664076.9675,1626441.939,1598292.4155000001,1579141.521,1565964.6655000001
Portola,951892.4121999999,958601.31175,962805.6448,964476.91085,971373.48925,977899.84245,980602.6331,979506.3606,978985.3113,983029.5083999999,986619.01085,987260.53235,985679.84635,981320.4712,977284.1372,976224.25395,978364.8189999999,983468.5428,989346.24705,997013.67335,1003690.81625,1008579.6298,1014227.7226,1021162.4955,1028989.3565,1034167.1655,1038330.378,1039350.8855,1036587.996,1029011.842,1024562.315,1028524.7925,1037494.666,1044249.494,1047502.5854999999,1048954.8235,1049625.3645,1049391.6515,1052707.4465,1060103.487,1071639.193,1084115.3715,1099286.3824999998,1109537.1785,1115775.8285,1118809.2884999998,1124426.0954999998,1127784.415,1131543.1395,1138884.6845,1152663.878,1164561.0929999999,1171103.6845,1169534.131,1161268.7185,1145824.705,1126946.6060000001,1109772.969,1094734.4394999999,1080113.3
Potrero Hill,938480.9218,943244.195625,949303.1854,951537.28665,954504.422,956168.09815,956565.1157,954333.74925,952544.497725,953570.67925,954624.912725,953398.0946,949514.3595,944091.272925,939360.29525,937874.6305,938774.673675,941655.507525,944365.661625,948386.070925,951401.7998749999,955055.5696,959424.361425,965422.909425,968799.7071,968521.06675,967149.849275,967228.9170250001,966459.4973,963029.36165,958605.49265,957796.560125,958330.59125,958920.440525,959306.5171500001,959585.4630250001,959400.577025,956111.903975,952855.415875,950372.597425,952959.070225,956849.925225,962357.47775,965941.890025,970703.3084000001,975523.251575,982946.019875,988132.00905,994203.5602749999,1001240.39125,1010050.040975,1017352.5808,1017668.3422000001,1011977.2894,1000735.131325,985748.150775,969021.75575,954096.118775,941559.458325,930526.158775
Presidio,1253494.98,1261683.5760000001,1270947.2820000001,1283760.533,1305832.488,1330711.0444999998,1348138.7655,1346569.129,1333553.622,1318845.5720000002,1313269.659,1309144.229,1319014.6115,1324158.5195,1334015.131,1339917.722,1347425.977,1359237.2335,1376373.312,1392198.2689999999,1399003.222,1393628.8199999998,1392106.7255,1398139.1579999998,1413430.2245,1434636.6115,1462104.827,1485780.7585,1499429.4745,1495795.1675,1481844.67,1458818.5720000002,1437820.7615,1414591.3675000002,1375438.564,1318947.4100000001,1264867.7615,1234476.2179999999,1222906.602,1210749.371,1202745.5375,1196988.458,1207957.2680000002,1229265.25,1259127.216,1285649.114,1312925.6645,1333352.159,1343170.3624999998,1340904.2000000002,1339695.4945,1338490.7489999998,1337330.4215,1333423.3805,1318511.6245,1295947.2495,1260317.4995,1230591.9255,1203137.1968,1231277.65715
Presidio Heights,3779557.089,3796242.933,3788262.426,3792546.481,3813766.413,3834509.568,3793172.759,3752793.595,3729810.574,3752006.199,3780696.192,3791217.743,3783111.324,3734037.737,3693811.096,3666398.077,3658214.449,3655447.548,3653233.437,3666629.114,3680914.4,3694370.857,3698889.165,3696972.791,3701881.937,3715833.741,3727873.145,3729309.782,3709458.69,3672456.452,3645891.529,3648533.78,3682034.985,3702069.463,3719160.135,3724135.396,3736921.371,3731616.017,3731657.69,3734834.183,3763524.208,3796535.526,3848456.729,3905386.422,3968558.156,4024715.089,4084662.322,4141071.463,4196599.957,4238075.929,4298927.581,4338605.315,4355107.09,4332085.588,4292251.837,4234078.262,4141225.303,4051150.332,3974511.506,3913837.521
Russian Hill,1610648.325,1621427.417,1630900.23,1636248.7094999999,1643512.3235,1648521.4989999998,1643527.8990000002,1636567.543,1631608.084,1636400.2110000001,1641610.6655000001,1642295.6485,1638580.6625,1625755.9874999998,1613626.1995,1606820.5444999998,1607082.834,1611686.8775,1618706.4675,1628174.0735,1636889.065,1644884.5655,1650409.3080000002,1654109.582,1653816.8035,1650890.1639999999,1647727.121,1643314.1405000002,1634984.8930000002,1621058.571,1609602.79,1605935.06,1607769.1099999999,1606247.2105,1603595.8735000002,1599682.889,1598070.5765,1593982.087,1592539.1124999998,1591276.868,1598462.582,1609405.1195,1631625.7115,1654723.5605000001,1678082.0535,1696671.021,1718090.332,1738158.4870000002,1749020.6955,1752940.4725000001,1755127.2650000001,1758857.066,1754877.5265000002,1738240.6230000001,1711308.5325000002,1675132.5485,1635547.2505,1601608.6515,1576236.6354999999,1555414.591
Seacliff,3364246.557,3368682.511,3358730.537,3350540.409,3359835.578,3374413.198,3366654.954,3363327.657,3363992.08,3384948.787,3400268.158,3400033.603,3383756.924,3339991.901,3297456.089,3273230.408,3271044.881,3279594.879,3283280.089,3295255.496,3311206.193,3326378.713,3343799.496,3361234.751,3380926.211,3392602.347,3401906.249,3406375.838,3391453.433,3354884.045,3331571.905,3336361.246,3367428.226,3383783.369,3404968.279,3424139.194,3444931.244,3454198.311,3468481.0,3489431.462,3524600.206,3567440.961,3634909.818,3694724.247,3745905.558,3782443.587,3816958.997,3840242.204,3870093.993,3921648.55,4004802.927,4058957.988,4088385.893,4075396.212,4035892.217,3959937.797,3865012.278,3780244.161,3713179.362,3663083.98
South of Market,965858.9984,968737.6433,971671.5147,972951.4017,976384.2121,979788.7369,980952.431,979664.8161,979769.0166,981752.1707,984115.6933,984666.4102,982401.2088,977167.3615,971507.6665,968714.5009,968861.865,970867.7083,974315.9235,978696.3623,982485.0948,986448.0902,990747.5024,996190.9752,997055.3089,994121.4051,987485.8565,981913.0703,976281.2731,970437.3265,966160.2537,964409.2489,964476.159,964391.2787,964585.5681,963553.9661,961453.3868,956816.4675,951773.8322,946567.0067,944969.8728,944437.4495,945896.6912,945278.0449,945211.568,946622.9729,952469.0556,959637.4141,965407.9068,968969.218,972799.7494,974792.5978,973046.8374,965419.0553,953810.3174,937965.1017,919909.4416,902213.1147,887619.7034,875124.7639
Sunset /Parkside,1285480.5753333333,1296475.9533333334,1306006.0453333333,1315045.9513333333,1328660.3876666666,1341922.7423333332,1347487.1343333332,1348365.7843333334,1349210.007,1353107.0116666667,1353569.7763333332,1347346.729,1338859.4053333334,1329084.502,1321706.2903333334,1318576.738,1318914.2076666665,1325548.0753333333,1334472.8296666667,1345006.3136666666,1351711.4556666666,1356223.4336666667,1361345.0706666666,1365905.5796666667,1371438.8246666668,1377242.8053333333,1386229.879,1392394.6279999998,1390758.7413333335,1382882.1596666668,1378055.3616666666,1384184.5076666668,1396043.53,1407148.4309999999,1414257.9703333334,1421435.4823333335,1425608.2850000001,1429036.052,1433112.1256666668,1443229.6723333334,1459174.0240000002,1477957.0669999998,1494318.427,1502216.7623333335,1502647.339,1502807.665,1508565.4613333333,1517124.334,1530209.8463333333,1548557.7606666666,1570725.7056666666,1586169.146,1590838.368,1582695.1983333332,1566334.6253333334,1543153.4866666666,1517067.8286666665,1494423.8796666667,1475392.1403333333,1459726.0350000001
Tenderloin,871116.7852333332,874108.2149,878725.4634666666,882622.7648666665,886625.6046666667,888539.1893000001,887199.7751666667,884790.0936666667,884908.4128,887134.864,889199.7704000002,888232.9568666667,884260.6418333333,876525.4332666667,867769.6276666666,862458.6878000001,861111.7801666666,862700.8084666667,866546.2222333333,871732.0435,876787.8134333333,881659.4519333333,885777.4339,889742.1917,889308.1612999999,884199.1346999999,876319.7978333334,869353.0987666667,863613.9847666668,858053.6333333334,854169.0005666666,854172.9264666666,856387.4206666667,857326.0767666666,856254.8489333332,853213.7367666666,849913.7995000001,844543.3976000001,839622.3362666667,834117.0059666667,832998.4715,833707.3725666666,838665.9483333332,842648.1652333332,846338.8603666667,850230.2429666667,857890.0454666667,864922.0636333333,867917.4948666667,867373.1286999999,866555.2872666667,865856.1378,861775.5849666666,853948.8536666665,841982.1703666666,828726.9749666667,814474.9798333334,802369.3042333332,791374.8341666666,781749.0432666666
Twin Peaks,1462009.8598,1472352.7759,1481661.471625,1489482.7973500001,1502324.2227500002,1513976.3988,1516373.422825,1513236.1498250002,1509882.257275,1510172.6474,1508967.236075,1503946.3194249999,1497133.504075,1412400.98122,1406157.26556,1405317.42822,1407651.1549,1413912.3879799999,1421300.5394,1431125.15572,1438981.81824,1444847.50666,1450160.47608,1455361.8384,1459908.8342799998,1462334.1302,1466879.2767,1470225.61454,1468859.0035,1459337.48806,1452180.4161800002,1454150.20622,1462963.00734,1470258.5244,1475627.9492,1479188.0342,1479525.4902,1476599.5366,1476042.8424,1481874.2552,1496102.2354000001,1513770.5752,1531625.8702,1542857.7382,1549752.3906,1556672.3539999998,1569312.2114,1582804.1026,1595357.6656,1608881.5122,1625837.059,1638915.793,1643302.935,1634050.9022,1613893.1438000002,1582651.092,1545747.135,1514586.3124,1490809.9013999999,1472301.14284
Visitacion Valley,805443.174,811325.6591,816348.22955,819598.8857,826377.1301,833043.949,836581.50275,836464.72155,835124.1725,835975.3759999999,836317.0304,835801.69135,833853.129,832183.0124,830581.09305,831486.53255,833049.76645,836929.4611500001,841325.9856499999,846046.2186499999,850444.6148999999,854233.4683000001,859473.3701,864931.9238,871020.77975,877524.9466,884803.0226499999,890537.42195,891685.52975,887326.3376,883494.24385,885588.1099,892075.67675,897263.4343,899513.84195,898834.05585,897516.39475,895903.3542500001,897101.07725,902083.15695,909712.43395,918994.9619,927951.1272,932539.49145,933444.5665,932909.6144,935716.211,937706.1640999999,942679.5964,951639.57805,966091.69695,978141.0758,984883.33115,984789.4232,978784.6471,967175.37295,951860.0547,936885.8842,923277.10345,911100.95935
West of Twin Peaks,1803450.7135833334,1820808.1544166666,1835731.5285833331,1847864.2190833334,1863418.2008333334,1876583.1287500001,1877363.8404166668,1873831.9416666667,1868742.24625,1869488.0207500001,1865935.2979166666,1857389.9424166668,1847480.8639166665,1834459.25125,1825376.56525,1822622.1663333334,1823670.3570833334,1828570.5091666665,1834241.704,1843733.4459166666,1853513.9755,1861641.9334166667,1868626.1000833334,1873795.5551666666,1880770.3465,1889131.1441666668,1902873.6695833334,1911691.351,1910864.11625,1893443.4355,1878673.1891666667,1877583.6729166666,1889589.784083333,1897961.70225,1901416.5638333333,1901540.2791666668,1900808.0421666668,1900676.8889166666,1905426.6274166666,1920121.2994166666,1943672.2810000002,1973422.3970833335,2000349.6273333335,2015379.0859166665,2018551.59975,2022451.9405833334,2034838.5749166666,2050301.2095,2065683.2133333331,2082424.0144166667,2104880.2080833334,2122348.0745833335,2130179.4363333336,2123068.19975,2103897.8193333335,2073643.6476666667,2036500.1601666666,2006568.5798333334,1982816.18325,1963557.4168333334
Western Addition,1028972.4191,1034937.99715,1040905.207725,1046103.6684249999,1054609.3324250001,1060691.618675,1062771.8425,1062089.09455,1063440.7751,1067410.815775,1072801.0950500001,1074763.4177,1073017.9187,1065011.532875,1055879.494325,1051147.7511,1051272.735775,1056699.366675,1064579.9074499998,1074066.198075,1082229.5741,1089173.81355,1094468.1959,1099356.64805,1101977.566675,1102610.7825500001,1102326.533775,1101981.6479250002,1099356.876775,1093367.1101,1086888.408075,1083126.0701000001,1081850.9874500001,1081734.1797,1082847.809675,1083949.17595,1084294.610625,1080712.9718499999,1077682.21765,1074933.4763,1078262.11235,1082365.888425,1090913.374225,1100798.4603249999,1111494.90095,1120801.944125,1132210.976,1143986.03535,1150710.45435,1151220.72375,1150628.922375,1152581.64765,1151514.7817250001,1143241.20445,1126703.287875,1105755.822775,1082914.498625,1064080.12945,1049605.392575,1037987.8980999999
